Date,XLB,XLE,XLF,XLI,XLK,XLP,XLRE,XLU,XLV,XLY,ADA-USD,BTC-USD,XRP-USD
2018-01-03,0.0070047017919905,0.0149763271099299,0.0053724427565733,0.0053862149414212,0.0083412052998319,-0.0003538148028998,0.0003053210343064,-0.0078559358636018,0.0095680262544759,0.0045911823833284,0.3796038898579861,0.0146107953045528,0.251711065787439
2018-01-04,0.0087347172694853,0.0060363127910447,0.0092625547943427,0.0073172399567733,0.005055198127762,0.0028308730523489,-0.0170938531488681,-0.0083043642487161,0.0014218551200098,0.0032790267571758,0.0319174061165892,0.026195657872015,0.0293877879434614
2018-01-05,0.0080179964260496,-0.0004000662350324,0.0028239021016513,0.0068751361188588,0.0105169201020862,0.0044107528628751,0.0021736785000829,-0.0003895503869364,0.0085171981263094,0.0079221156335353,-0.1028264645220436,0.1173329261610154,-0.046273698618653
2018-01-08,0.0014318750214836,0.0060021497635385,-0.0014080134074899,0.004122689925859,0.0037705701654422,0.0024589338371301,0.0068176426633874,0.0093515613729764,-0.0036363993601541,0.0011789893708242,-0.1006013363175041,-0.1296308207708195,-0.1943445551913289
2018-01-09,-0.0015885970651359,-0.0025186806619965,0.0077549160861869,0.0064152273838771,-0.0025546394634647,-0.0014013952098739,-0.0113882362838778,-0.0098436461379228,0.0117732199565923,0.0019624281889119,-0.0937250770764563,-0.0378836812907175,-0.1442995407437188
2018-01-10,-0.0060462461030039,-0.0011965290727189,0.0083942809712842,-0.0001276376255158,-0.003464769719438,-0.0049134915781438,-0.0155664469696185,-0.0109162855889544,-0.0017453789273138,-0.0006853488332894,-0.0265384330914084,0.0258916784705156,-0.0603583187075862
2018-01-11,0.0131264772757029,0.0204951550592304,0.0048561035966752,0.0127502965738541,0.0040813020635375,-0.0014105332176783,-0.0063253242834752,-0.0037445187542257,0.0043129017383396,0.0162697113964882,-0.1320214345588974,-0.104686343053739,-0.0122131995076908
2018-01-12,0.0015798555835075,0.0096505365032326,0.0089749488010566,0.0093164451523131,0.005871971230887,0.0003531717797176,-0.0073202482966657,-0.005736982043798,0.0076603749667849,0.0129229506285626,0.3037367321587683,0.0428769497577097,0.0473806220490997
2018-01-16,-0.0116737324872795,-0.012658445828618,-0.0027370274409285,-0.008981111585651,-0.0038915088627898,0.0045896122148159,0.0048094932623583,-0.0021887568454581,0.0049523365171328,-0.0071406721737208,-0.3019639272594739,-0.1781110738415832,-0.4228550111506188
2018-01-17,0.0046290132444528,0.0087649355885512,0.0075472589283474,0.0055381842405139,0.0150263640885335,0.0114213687387836,0.0057434166082364,0.0061817079825308,0.0096275479925329,0.0047945289589219,0.004164475271549,-0.0262739124167791,0.1077812761633378
2018-01-18,-0.0006353173925328,-0.0081698862728148,-0.0013617678430233,-0.0053822532762534,0.0017761156768556,-0.0029532194031662,-0.0095179748594839,-0.006341892869853,0.000227205479319,-0.0008586138547268,0.0488649477288531,0.0255886162027021,0.2221780348069886
2018-01-19,0.0060410905978616,-0.0013076799523351,0.0071597914372325,0.0028945261615651,0.0019214503727014,0.0111518334618743,0.0070470124815078,-0.002991520139056,0.0037455170572964,0.0086924632673892,-0.0141625420527249,0.0115469411924702,-0.0278908875655524
2018-01-22,-0.0023703653527,0.0216024925926869,0.0081246179877898,0.0,0.0097344284789413,0.0075820922524529,0.0095416613152909,0.0014003767738997,0.0065577594484544,0.0110793169631446,-0.123044162093985,-0.05823870782867,-0.1254469916331139
2018-01-23,-0.0001585938208549,-0.0015378589057667,0.0010071731091216,0.000502111473484,0.0043819852343067,-0.0032493925815376,0.0154383056819904,0.0095884255667515,-0.0048302365995134,0.0084291621509076,-0.0129509898808832,-0.005763214020962,-0.0149408801489723
2018-01-24,0.0042775844568092,-0.0026953316429804,0.0067092905784629,-0.0008780388915275,-0.0077080676674825,0.0020588804341397,-0.0027925941027113,-0.0061338175911297,0.0029346851676659,0.0042724543996417,0.1050277942237682,0.0451768413338482,0.0150178902647217
2018-01-25,0.0066256860341291,-0.0078507392135707,-0.0019992711708886,0.0010041702574763,-0.0017587150951785,0.0005136233906597,-0.0021779597638343,0.0155284836536473,0.0085538975958039,-0.0017569575276713,0.0245689256300318,-0.008803281560753,-0.0330987503380663
2018-01-26,0.0043880273310046,0.0054483394929547,0.0073452978070449,0.0115373417818214,0.0158568638743228,0.0047922442615617,0.002806378020788,0.0005882667423053,0.0215380659819637,0.0098202198082533,-0.0221382275785897,-0.0078156915063853,-0.0723653436845549
2018-01-29,-0.0113901481480217,-0.0150951152283954,-0.003977265588569,-0.0066944364170533,-0.0091053941244475,-0.0039175837758246,-0.0115051681837473,-0.0127351011032837,-0.0027314425653938,-0.002752386806203,-0.0002855062821899,0.0111892865378722,0.0876551152014342
2018-01-30,-0.0072598593921721,-0.0201726525564537,-0.0129784358731237,-0.007863241237161,-0.0090431652350905,-0.0066690639454971,-0.0040891863055136,0.0017862322282293,-0.0210316169797921,-0.0049676998958196,-0.1464865620697293,-0.1053521958132058,-0.140040868824938
2018-01-31,0.0007946863659133,0.0006683517517862,0.0026972738165906,0.0030192770722845,0.0075065180488032,-0.0046479091532435,0.0205307121858229,0.0110933284712444,-0.0142105784560022,-0.0032360311923483,-0.0236842839532277,0.0113592320538773,0.0209298902075962
2018-02-01,-0.0136618096901989,0.0102874890036801,0.0094150267284058,-0.0017565081942764,0.0008766808110487,-0.0043237099667944,-0.0182606605130279,-0.0156739634531755,0.0003403814309077,-0.0111306924856344,-0.1880227163690537,-0.1027834196380305,-0.1719388310784492
2018-02-02,-0.0262522362997843,-0.0417882784301925,-0.0219853091168857,-0.0201030191070197,-0.0296306092880132,-0.0191071273267073,-0.0113492244571079,-0.0071655073307541,-0.0140703563392579,-0.0095677698734715,-0.0738440637773905,-0.037052347802326,-0.0807725809102399
2018-02-05,-0.0382067423322493,-0.0419538325281699,-0.0504089477071227,-0.0453901033769328,-0.0418171535204049,-0.0363026731272768,-0.0258291595959414,-0.0164395029877966,-0.0443084393688041,-0.0337150950794385,-0.1617349835895459,-0.2123805996624013,-0.2181153839624494
2018-02-06,0.0326738498629437,0.0079223802965229,0.0182925447550206,0.0182672443118177,0.0287283798780513,0.0110252569784419,-0.0019641617517002,-0.0148798141391192,0.0110788100930665,0.0255807476360874,0.1294616863309015,0.1148380980502292,0.1222812018237082
2018-02-07,-0.0089925434829953,-0.0167212584834793,0.0007046562562011,0.0018467687770573,-0.0128186223476748,-0.0043616614586795,-0.004591488975552,-0.0047589276302874,-0.0011912977450435,-0.0030583530742193,-0.0792583001715503,-0.0171137729317126,-0.0676177956630857
2018-02-08,-0.0351201340166662,-0.0302323613958331,-0.043998540303713,-0.0385781547468302,-0.0414283042186369,-0.0215407488800171,-0.0313013829659095,-0.0112264581161493,-0.0347007340151858,-0.0398771967642258,0.047399458625049,0.0845380782246918,0.1124029976921259
2018-02-09,0.0174153842966211,-0.0007495244135418,0.0191457945000197,0.0108190186514223,0.0245121133085612,0.0020521654030301,0.0234694457214972,0.0210259703530166,0.0142065938780633,0.0066891609403558,0.0982040579444636,0.0570304883149312,0.1852376645540945
2018-02-12,0.0201987546072934,0.0163492428210134,0.0140895107869314,0.0161225944371707,0.017944395077279,0.0102399834909827,0.0026585738749398,0.0076195196982375,0.0093789567782929,0.0135874366041504,-0.0186081671490748,0.0216996987034725,0.1326259965171274
2018-02-13,-0.0025169438330949,-0.0041323791432025,0.0042750491695844,0.002266731990399,0.0024741662071914,0.0046075578578175,0.0072919500359347,0.0044961141598471,0.0007240357490716,0.0051860434529162,-0.0286250088403121,-0.0367734449733546,-0.0495832179572304
2018-02-14,0.0134569838048115,0.0145228432678683,0.0237675464498601,0.0126379877828104,0.0183555235680379,-0.0005503610103153,-0.0062520682394604,-0.0111900703273464,0.0113345388773518,0.0159640084519541,0.0632014669250129,0.1042437824749573,0.1111630276125654
2018-02-15,0.0074688611121134,-0.0024833099099084,0.0055439325174695,0.0151075496046839,0.0190852562925314,0.0165200061604544,0.0092716321601187,0.0222219148130702,0.0110887995543531,0.0089104247468139,0.0313927248355647,0.0707526797888733,0.0045899365359509
2018-02-16,-0.0036244181064392,-0.0024892641982976,-0.001378416765007,0.0002590295617903,-0.0014867464951716,0.0039723285304191,0.0065617450116877,0.0088570500071001,0.0071934811621594,-0.0048431294679853,-0.0135770597660428,0.0066395181584866,-0.0076992407613734
2018-02-20,-0.0044644484365644,-0.0054315767092553,-0.003105831454895,-0.0100916558469632,0.0008934370939008,-0.0226617598356266,-0.0101043360603503,-0.0129690513400279,-0.0110059251051579,-0.0030536642258316,-0.0619870749095086,0.1143063504662524,-0.0426790459486252
2018-02-21,-0.003487775134214,-0.0168265972886141,0.0013846952230238,0.0002611539596222,-0.0063950470778588,-0.0119619612375809,-0.0184393847679865,-0.0131394576407507,-0.0041435587925323,-0.0014360237483803,-0.0378531727779239,-0.0625498559652333,-0.0679877882314502
2018-02-22,0.006666813437844,0.0109591051037662,-0.0082957793304324,0.00666379685307,0.0011974580854416,0.0026077482485631,0.0114056110563276,0.0051209983139153,-0.0015452133384928,0.0012463749691062,-0.0729062360393996,-0.0641136314432212,-0.0724864514624765
2018-02-23,0.0147349363999436,0.0216812264078267,0.0149876241486168,0.0083076796983123,0.0209300551123539,0.0096600983083445,0.0182418891829145,0.0260850956135749,0.01595426822971,0.0139780062708929,0.0218634110809416,0.029595163355822,0.0605942908048759
2018-02-26,0.0044054476227668,0.0059591580556344,0.0151098453053719,0.0137743876350353,0.0156679882675432,0.0062557024803819,0.0035831880614149,-0.0029791368270284,0.0126564225888896,0.0084032662109143,-0.0200516429266419,0.0063683090568114,-0.0420441429606839
2018-02-27,-0.0138078627100525,-0.0130039575078531,-0.0094720646464027,-0.0125713487637165,-0.0100918259068493,-0.0131650233867242,-0.021421514946995,-0.0159360486929005,-0.0104152161391494,-0.0211609226767146,-0.0082728782268159,0.0346204102849221,-0.0099847197763969
2018-02-28,-0.0177893504534388,-0.022983167128456,-0.0140025313183874,-0.0142749004806035,-0.0071367855965877,-0.0103761955474673,-0.0013268399036858,-0.0068827090121853,-0.0160213624829139,-0.0044959505314364,-0.0684129279349695,-0.0305529975651492,-0.0450985113641159
2018-03-01,-0.0102295856467307,-0.0014983665806654,-0.017319353192486,-0.0195691362825098,-0.016576153885488,-0.0022468691511414,-0.0049817643460409,0.0002038185285515,-0.015925824659108,-0.0107621588522138,-0.0261820637846597,0.0531933937233797,0.0262706847691782
2018-03-02,-0.0010169379229875,0.0046519300149945,0.0024676129164236,-0.0002662225970242,0.0095466761624667,0.0084446691749497,-0.0033376980522094,-0.0026493903912776,0.0101449667266806,0.0009714048394831,-0.0357854634502813,0.0123642033261801,-0.0196079916903144
2018-03-05,0.013229422227913,0.0106047463064158,0.0140645133813184,0.0119790961893881,0.0101948340412447,0.008745692860919,0.0140658055813367,0.0204329922997537,0.0090864161807482,0.0119360272251787,0.014030457863035,0.0439186207341237,0.0540837720130646
2018-03-06,0.0110479851598206,0.0005911358149486,0.0041609849852537,0.0044720479512949,0.0021940268381708,0.0007377911879711,0.0039627987249224,-0.0134159725082159,-0.0014219223097615,0.0069045033984775,-0.0412099809974167,-0.0685542954431329,-0.0380260375493212
2018-03-07,-0.003642347897559,-0.0075331035881051,-0.0017264780622342,-0.0001310972140325,0.0055457223188539,-0.0090321427833928,0.004276473110234,-0.0075094325553076,0.00510209668928,-0.0067616889362079,-0.1334328529987283,-0.0755415215926486,-0.0559949882051671
2018-03-08,0.0008306045657231,-0.0002974037853973,0.0031131255243741,0.0052381720652394,0.0043541806078921,0.0091144659411679,0.007861402159661,0.007361959032238,0.0067290864993445,0.003163875353916,-0.1032752111255449,-0.0572531755818666,-0.0520574792367901
2018-03-09,0.0180972791663316,0.019055491419835,0.024137878449949,0.0220167164268516,0.0189310243913527,0.0064514823962937,0.0064994346646507,0.002842162384729,0.0144227271515642,0.0154848428337452,0.0020924780126179,-0.0061160086440503,0.0289445097971712
2018-03-12,-0.0024459883180891,-0.0002919294024973,-0.0033669962048584,-0.0123641822017717,0.0031194967442742,-0.0018311778930782,0.0048435807780617,0.0042508256442679,-0.0042769081436302,0.0032942834060289,0.0068179719514249,-0.0141824879406287,-0.0573255631908368
2018-03-13,-0.0040870244392722,-0.0071604994238927,-0.011148853007551,-0.0049047881366488,-0.0114518874093868,-0.0007342008386217,0.0032131307640572,0.002217338914632,0.0012768272618395,-0.0070362406452302,-0.0031109526487387,-0.00111573859784,-0.0141526881312384
2018-03-14,-0.012311246673388,-0.0058873771213798,-0.0112742536116478,-0.0108948835296436,-0.0008581323506288,-0.0100991315858474,0.0019220864299853,0.0102573331962105,-0.0048693381707006,-0.001228321065664,-0.1052075022005047,-0.1006041510585813,-0.1111913426610246
2018-03-15,-0.0131295585716139,-0.0051822799835232,0.0003456697747086,0.002885149322171,0.0005729704754857,-0.0070487420448791,0.0,-0.0005972131185553,-0.0016309221241656,-0.0010403300538334,-0.0694170169467275,0.0037547153880626,-0.0066005653381494
2018-03-16,-6.754691269361679e-05,0.0089184848033769,0.0008667353402793,0.0053426878606297,-0.0010335925186606,0.0003568822669488,0.0052414345179692,0.008772659512803,0.0,-0.0010451981786735,-0.0367833827607455,0.0045163099033997,-0.0114862646350094
2018-03-19,-0.0143702688644492,-0.0154508849788115,-0.0072742569526704,-0.0077043221997352,-0.0198246459781989,-0.0097653341439588,-0.0099166703646674,-0.0061690593773831,-0.0161612355737269,-0.0124546760898903,0.1049319081439075,0.0350549922878455,0.0867887239075104
2018-03-20,-0.0010290917796055,0.0084502236373549,0.0024427217978213,0.0034218302220776,-0.0004398186120775,-0.002844588362074,-0.0003231065381257,-0.0046054675204286,0.0014280835550521,0.0059692073771071,0.036929242631126,0.0327691799733553,-0.0524269907157975
2018-03-21,0.0113324938893417,0.0261860016325978,-0.0003482934038744,0.001180013727605,-0.0060118626649611,-0.0123621459404801,-0.0090496768350937,-0.0034196142563975,-0.0042792545887729,-0.0007657730053923,0.0402153302078851,0.0017737814072429,-0.0227441474658401
2018-03-22,-0.0298813534495385,-0.0204140538784231,-0.0369080813101784,-0.0330101727583638,-0.0258148061341562,-0.0082804065839078,-0.0035878664710311,0.0044406574403488,-0.0287687579129027,-0.0212622606673491,-0.0455370677811335,-0.022488995834565,-0.0445763962470068
2018-03-23,-0.0196008095449434,-0.0061031109005154,-0.0303687989645777,-0.0146301114322943,-0.0266506051719669,-0.0124269760318664,-0.0157120242338288,-0.0140673875419538,-0.0207720705604791,-0.0196693554278741,-0.0698935562315774,0.0173169404672413,-0.0295272534841768
2018-03-26,0.0205283644760658,0.0179722445039893,0.0324386738354243,0.024195791676671,0.0379591311680822,0.0143530514873904,0.0136350544999312,0.0103953359027924,0.0207106360026756,0.0295469895636473,-0.1133525696805812,-0.0754784233691725,-0.0679614025784685
2018-03-27,-0.0101454015178011,-0.0094159204155038,-0.0195017008919766,-0.0138256110145192,-0.0320743681014403,-0.0005815243765182,0.001640288119632,0.0143232739269272,-0.0118055191210306,-0.0195850897625963,-0.0767552860378983,-0.0458450475862155,-0.0359421794275214
2018-03-28,-0.0127230301259344,-0.0194567779057407,0.001841693065653,-0.003402775160974,-0.0066584273857409,0.0137703400625288,0.0183426515645448,-0.0003977632196001,0.0053510034217638,-0.0121637594521565,0.0331255215492913,0.015503551724572,0.0001470734143866
2018-03-29,0.0191517333736179,0.0210544350826005,0.0136029645301463,0.0146134597920088,0.0197974015389315,0.0068875095775839,-0.0003216515746372,0.005371800012899,0.00755076366193,0.0140153459848231,-0.0823202121230823,-0.0991617034794232,-0.1150358492869741
2018-03-30,0.0,0.0,0.0,0.0,0.0,0.0,0.0,0.0,0.0,0.0,0.0022263176412009,-0.0384024126436746,-0.003804477208619
2018-04-02,-0.0217773795762081,-0.020026644731438,-0.0221254851375642,-0.0205947822242332,-0.0238461275345471,-0.02451107443363,-0.0122266925711341,-0.0077183350226922,-0.0227274439220931,-0.0282357966337933,0.0623331503531368,0.0280501013868905,-0.0174207008424998
2018-04-03,0.0141832986350769,0.0213441387498063,0.0137238976391014,0.0138810842042773,0.0098654201565331,0.0132450829674242,0.003583115394653,0.0033906633123894,0.0152108155141583,0.0126994353768485,0.1027080026146234,0.0525579588439786,0.1145543693202657
2018-04-04,0.0065497210084037,-0.001333876594886,0.010611324835505,0.0043375802191145,0.013955452118987,0.0155711990506799,0.0116846918740738,0.0021864404089,0.0142397148007831,0.0183587352825924,-0.0991086625946772,-0.0807753681979956,-0.1010905828351095
2018-04-05,0.0186423283671852,0.0179577685242879,0.0079648937973557,0.0101234794857656,0.0041294130459652,0.0024607632161557,0.0009625542689406,0.0079337362599682,-0.0007328680018331,0.0133978292940037,-0.0424702647719381,-0.0061818819628367,-0.0116221275451012
2018-04-06,-0.0243441608762682,-0.0180783412560734,-0.0240659962596112,-0.0276594053943707,-0.0245202313986451,-0.0101967452837316,-0.0102566363111463,-0.0078712875405947,-0.0240683726607158,-0.021289160609788,-0.028952977968502,-0.0257140360451562,-0.039068072802875
2018-04-09,0.0054860241245342,0.0047511477115709,0.0055207725007131,-0.0030231246845774,0.0078062526907807,-0.0005721433664983,-0.0003238390044775,0.0019836670100588,0.0098897675671145,-0.0023840945553791,0.0599164859954299,0.0202537188999663,0.0323740120647761
2018-04-10,0.0205914017703694,0.0331020613526633,0.0150073392855369,0.015299964384176,0.0246319130098353,0.0022904911420198,-0.0068025143279776,-0.0077199532465583,0.0168589653452784,0.0121469287710802,0.0211683570532481,0.009456851084145,0.0001545087938226
2018-04-11,-0.0074151205944239,0.0104418035231583,-0.0119001072619797,-0.0073307693717566,-0.0058964663801338,-0.0019041641706444,0.0026090686693207,-0.0013961966059997,-0.0081676912399889,-0.003049406074189,0.0619263514949575,0.01954129525744,0.0967107736271819
2018-04-12,0.0105972536421836,-0.0001416062081562,0.017517853583661,0.0143597544978748,0.012015162757057,-0.0015266713307486,-0.0117109902306931,-0.0131840598285264,0.0067602490739278,0.0043411562572315,0.2782887265125586,0.1321595734714284,0.1653938077486056
2018-04-13,-0.0010310922439166,0.0110437855606262,-0.0150644235668113,-0.0024271330153683,-0.0033061093063289,0.0049686383108835,0.0052666220060497,0.0078945045932319,-0.0004886479796589,-0.0055995913857037,-0.0551328131516487,0.0008505194964667,0.0148710863466652
2018-04-16,0.0134226084337945,0.0102226120525865,0.0043698163170529,0.010001695320039,0.0076897250257721,0.0108385202451675,0.0045839859856977,0.0136572332619395,0.0079392107659963,0.0075084590983294,0.2798256730924635,0.0206067358171078,0.0395087565316805
2018-04-17,0.0113773700973764,0.0038812444030127,0.0,0.008430049013588,0.018554768470953,0.0022572286056812,0.013363876121005,0.0101051989581475,0.0077560363512862,0.0186311361052775,-0.0503495222903124,-0.0194300150822617,-0.0095944772043327
2018-04-18,0.007219365906429,0.0157415613179834,-0.0047134629298219,0.010350174301956,-0.0026444545997601,-0.00750760514974,-0.002573136195299,-0.0037270034267644,0.0008416659353249,0.0047169730079101,0.0681795185032854,0.0330710082133138,0.0791541483392426
2018-04-19,-0.0111685325194424,0.0012234453641524,0.0153006416834309,-0.0027574565008459,-0.0110471646789541,-0.0289333920104531,-0.0167689542825599,-0.0005906075182253,-0.0084106044830363,-0.0031616763928837,0.0461587386043813,0.0160336782488381,0.1171395769513881
2018-04-20,-0.0053943610056993,-0.004752122484859,0.0003586514797819,-0.0043464135364398,-0.0138515308085414,-0.0167476028618136,-0.0088552604650369,-0.0090625985409619,-0.0053313447201867,-0.0101885997804134,0.1060699534666298,0.0664938417281331,0.1672891978657278
2018-04-23,-0.0028813016564938,0.0061389950672869,-0.0010760358158532,-0.0011906115520741,-0.003625032347638,-0.0011883874124954,0.0019855480461599,0.0005964545233778,0.0038981238567235,0.0021362610953143,-0.0424037105818935,0.009614677643178,-0.0517142254948742
2018-04-24,-0.027026912924695,-0.0107117918270782,-0.0064631694969823,-0.027943582791484,-0.0174319921058192,-0.0063455471305507,0.0009902968325326,0.0067555394919773,-0.007523236594491,-0.0157946966818859,0.0845902102040299,0.0858392596526644,0.0663018776893775
2018-04-25,0.0054156006477528,0.007949382738362,-0.0007226446409099,0.0028612066799829,0.0001540877476176,0.001796280747901,-0.0032989776037695,0.0001975826857114,0.0045236072826682,0.0041352676994734,-0.1317490769733852,-0.0878329224671307,-0.1435352100165893
2018-04-26,0.006255548400603,0.014549808627035,0.0003614266114395,-0.0036677013370232,0.0182017240808092,0.0059759002096404,0.0129095885344341,0.0100629534825018,0.012658317066982,0.0161782384305484,0.0833449988349128,0.0492632068887324,0.0647096324087399
2018-04-27,-0.0025903940450808,-0.0105880471864897,0.0014463612334068,-0.002045306897397,-0.0018181314302844,0.0053465049317409,0.0133988925051899,0.0101582748893336,0.0040865511575816,0.0045347057612341,-0.0197284995840971,-0.0317254378191855,-0.0451999121188571
2018-04-30,-0.0129847028050829,-0.0001356456544755,-0.0090253892898012,-0.0132532695955371,-0.0065259854808845,-0.0063027838556665,-0.0038699295550567,-0.0029006803838522,-0.0153219588987598,-0.003938140841321,0.1900556658335126,0.0282072543837219,0.0295533618987831
2018-05-01,-0.0008769686509311,-0.0060966477997789,0.000364376301718,-0.0045696941358648,0.012526696260942,-0.0087216004288652,0.0071221522156645,-0.003103290893384,-0.0004862584621602,0.0013499004141614,0.0447836081056682,-0.0131529012484566,0.0041399128356289
2018-05-02,-0.0022821657387963,0.0040895505117484,-0.0112892586481173,-0.0087631999800316,-0.0010559638670604,-0.0195961161086859,-0.0045003037309891,-0.0009727858519298,-0.0137434585477134,-0.0068373603714885,0.0382695206111132,0.01282048810724,0.0210207695735766
2018-05-03,0.0045750018842392,-0.0023081179010706,-0.0084714203390197,0.0023854755308894,0.0022653831058123,-0.0010198434057671,-0.0003228979515923,-0.0013632080218844,-0.0090026501548767,-0.004460374911848,-0.0072794102466146,0.0549961924728752,0.0295334015207997
2018-05-04,0.0124363573750341,0.0048987239361035,0.0130015130508189,0.0116200298796664,0.0189873885067497,0.0144959664523802,0.0113048485246047,0.0044851216652008,0.0079644049226179,0.0131489502527513,-0.0257689891866236,-0.0044233583387295,0.0124097665881319
2018-05-07,-0.0003459477226176,0.0013540921741017,0.0066006327457004,0.0066426863816,0.0069502751728043,-0.0062389151278774,0.0019166529098164,-0.0052416255295892,-0.0014813621719187,0.003364877446893,-0.0694260043810446,-0.0337860134585946,-0.0701340821927729
2018-05-08,-0.002076781725105,0.0078431003793004,0.0069216473129973,0.0071486097947994,0.002203315395963,-0.0040499071731294,-0.0070129456719135,-0.0249804569417326,-0.0075423593718971,-0.0042156983902846,-0.0203594140116515,-0.0147433382211765,-0.0224238009397398
2018-05-09,0.0143945211632658,0.0203942887062369,0.014833513954986,0.0107839101885895,0.012309465556612,0.0014231667471029,0.007704614601891,-0.0070059596217199,0.0057307645096811,0.0034639595386238,-0.0144936336328979,0.0097846381350477,-0.0146528842570647
2018-05-10,0.0071808383636797,0.0074954686571138,0.0081996878822492,0.0067517816720836,0.0130285396234699,0.0058880591110319,0.0092385189342079,0.0141103052928726,0.0133777997660291,0.00364375383611,-0.0819052974775508,-0.0301591247822805,-0.0546180383261089
2018-05-11,-0.0003396511504573,0.0014355579102811,-0.0007071339476564,0.0021463278434976,-0.0014292441297651,0.0,-0.004734993046456,0.0013912947660459,0.0149128273820087,0.0021017684503974,-0.1244139002531232,-0.0666136845986851,-0.0966570831184018
2018-05-14,0.0039058355349348,0.0069071018266351,-0.0007075575316781,-0.0017401707231573,-0.000143164039811,-0.0004034808391116,-0.006977660652649,-0.0037712979440075,0.006624176619,0.0019064726642645,0.0511557998967509,0.0326127019097217,0.0816850093212204
2018-05-15,-0.003044675135153,0.0002590121217673,-0.0017706074853131,-0.0033515578276341,-0.0094458547959164,-0.003836727040905,-0.016927222419134,-0.0083682893503596,-0.0129219328673277,-0.0058043387248174,-0.0485638953046254,-0.0236796062914232,-0.0571063745846207
2018-05-16,0.0118762678684432,0.0034940585607732,0.0017737480969706,0.0036320571491172,0.0044790420292215,0.0070948422196757,-0.0025992829707918,-0.0078356304501874,0.0055756533005824,0.0083270122536189,-0.0145297137141776,-0.0166326070794292,0.0221775573143558
2018-05-17,0.0023474339617073,0.0150869393823762,-0.0021249441977323,0.0038875109644074,-0.005178714033347,0.0034217525567501,-0.005211494720843,-0.0081004469887956,0.000361847646435,-0.00332247353832,-0.049579785825499,-0.0328015088541208,-0.065498158600655
2018-05-18,0.0013383222726097,-0.0077491953672206,-0.0081616301477256,0.005875203748958,-0.0041930912064941,-0.0062186193546762,0.0006547329186692,0.0002040163305145,0.0025302728709146,-0.0012382307280738,0.00771556335507,0.0193530655750768,0.019457190518707
2018-05-21,0.0053458430719905,0.0102421348429824,0.0071554497341266,0.0151333576453147,0.0087120217195773,0.0042392105359529,0.0101439741996642,0.0051032038223346,0.0009616317626919,0.0055308275334258,0.0134232672190297,0.0203637285532134,0.0019006541323784
2018-05-22,-0.008308319245147,-0.0133064536659296,0.0067496059953933,-0.0122924853928265,-0.0014390319397846,-0.0018089132482057,0.0012958525868997,0.0036553840681661,-0.0019211090588058,-0.004457101678495,-0.0981835841711394,-0.044804713952344,-0.0528472255501729
2018-05-23,-0.0023460061129623,-0.0001286734449236,-0.0063511911614101,-0.0009264245375231,0.0073516288579982,0.0036245658138966,0.0080878862066142,0.0091055575043563,0.003248412472363,0.0072395333226689,-0.0959635760608763,-0.0601807030118889,-0.071213371992159
2018-05-24,-0.0035269182837046,-0.0164416201601723,-0.0078127746010135,0.0049027473253546,-0.0011447279754688,-0.0008027427728973,-0.0038509196979913,0.0082216101366792,-0.0039574492507582,0.0021750235614734,0.0301468785993133,0.0039058908809461,0.0540415554701527
2018-05-25,-0.0053935974825177,-0.025989174955465,-0.0032211752476886,-0.0018459698091197,-0.0007164065524698,0.0016065927642514,0.004832315654661,0.0043753954156036,-0.0014448274214546,0.0015101564506119,-0.0398776785534759,-0.0141287604402687,-0.0332216369663731
2018-05-29,-0.0172851005234996,-0.0030840517010662,-0.0333931203400758,-0.0159861848259319,-0.0054477970189796,-0.0022054760966918,0.0025650389028235,0.0,-0.0102484546665568,-0.0077265979857956,0.0126336271879521,-0.0010093785451541,-0.0159738231662871
2018-05-30,0.0117260118012261,0.0302621849780428,0.0182020860185314,0.0140975501690534,0.0073516288579982,0.0140649728438548,0.0131116498674159,0.0081187633580031,0.0149835432489351,0.0091159487363121,0.0391407209671563,-0.0088416232658627,0.0076109703930247
2018-05-31,-0.0083518546382928,-0.0075717667330187,-0.0083911427758938,-0.0144312484161749,0.0002862112110182,-0.0160491363524771,-0.0031566870239401,0.0015712719043259,-0.0109217725409888,-0.0047989918061288,0.0666420505298432,0.011834154516914,0.0112327690794193
2018-06-01,0.0152973824051267,0.0047354197376234,0.0110376423598475,0.0110156377610726,0.0170240518037771,0.0,0.0041165152298427,-0.0152971339767712,0.0115275416098958,0.007375149350792,-0.0120196990099679,0.0063089406739353,0.0175343828407061
2018-06-04,0.0057560694437261,-0.0086407530171893,0.0032750954594396,-0.001461438051864,0.0080183558981465,0.0082560368532622,0.0097761659577375,-0.0079664510990655,0.0037190056471594,0.0111695489548548,-0.0381785875777647,-0.0035775586617968,0.061057463192913
2018-06-05,0.0075743123787772,-0.0023770904641285,-0.004352617695853,0.001197513420007,0.0034886020120632,-0.0045935465497637,-0.0049967281693675,-0.0052199979570476,-0.0020316452591245,0.0058480291474445,0.0301618802038865,0.0158746455000393,0.0235703401049125
2018-06-06,0.0185431019880435,0.0047655089741964,0.0182150194994299,0.0083729083770307,0.006535807420763,0.0012037036192305,0.0028247509256784,-0.0238139732978954,0.0112573266860314,0.0093206229449238,-0.0215270535420394,0.0026487884691894,-0.0032761578693951
2018-06-07,-0.0050843600844392,0.015151471965084,0.0032197892940686,0.0042180839382148,-0.0080129892183394,0.0062125695848977,0.0,0.0070288896611567,0.0013028139894668,0.0029258992535607,-0.021333111737263,0.0031696259943396,0.0049363076312922
2018-06-08,0.002802740390227,-0.0019467823340115,0.0014265278916469,0.0032812944570932,-0.0016712319480675,0.012348333169271,0.0034427814890944,-0.0004106803115151,0.005795508591635,0.0020968479516103,-0.0272879164785661,-0.006944340222814,-0.0055815629641999
2018-06-11,0.0014793996128905,0.0052017467805822,-0.0021365891117285,0.001962024672639,0.0011157539143389,0.0082625303026235,-0.0003119938712579,-0.0020535697744787,0.0018814494571255,0.0040029162159096,-0.1172488862115167,-0.0941649233508855,-0.104215475925519
2018-06-12,0.0013129918891618,-0.0076326706610958,-0.0024981278372455,-0.0010441335236923,0.0048778750168718,0.0019511561522902,0.0056163824259798,0.011525028326959,-0.0005867238877383,0.0048024907426169,-0.0810624639605706,-0.0469905634153701,-0.0680935288073091
2018-06-13,-0.0108194613727455,-0.0037806219940033,-0.0035779578474753,-0.0079728132084081,-0.0051316701320625,-0.0031156642308181,-0.0223395434911262,-0.0026450464641907,0.0002345272989776,0.0015329192989348,-0.0370801291311735,-0.0353155958905019,-0.050219128717832
2018-06-14,0.0014914856992778,-0.0014393154051368,-0.0093357672124189,-0.0038211505218309,0.0071092194680368,0.0017579386594792,0.0095208530570962,0.0124438526269705,0.005166189872976,0.0104447588124563,0.0746034366271028,0.0512528071808464,0.0498313463186876
2018-06-15,-0.0069825406200242,-0.0214782907925052,-3.634714640288195e-05,-0.0024964054135269,-0.0038194523725931,0.0128525235676297,-0.0016169581831046,0.0071153993060766,0.0019462144512465,0.0016437470649963,-0.0558549571270126,-0.0327728158569632,-0.0420430720455611
2018-06-18,-0.0025111545349383,0.0099771202596348,-0.001820177050081,-0.0041269417228517,0.001115394164185,-0.0145517583586248,-0.0009527187337651,0.0032295794892001,-0.0095952171942098,-0.0016945164691721,0.0084179609781056,0.0430939820658975,-0.0003941814560459
2018-06-19,-0.0182949617716021,-0.0022694701421041,-0.0025527369506526,-0.0211197553276908,-0.0051532054579139,0.0053159971181326,0.0012715030297767,0.0098593565606683,0.0025992988809782,-0.0012510308394102,0.0186939817254956,0.00521470775821,0.0225601513472992
2018-06-20,-0.0032482938226581,0.0044155715246532,-0.0025592700939881,0.0006825451484497,0.0020997125342014,0.0009792841028486,0.0107938267753839,0.0007967528702308,0.0021212400255676,0.0047415422976004,-0.0311032617487533,0.0009763547887364,-0.0188038099534654
2018-06-21,-0.0106346185620742,-0.0185158327323256,-0.0029325659563919,-0.0125547707710832,-0.0076834206058284,0.0019563872454957,0.0059670391489161,0.0033845235960903,-0.0057617979922602,-0.0071231293380716,-0.0211686002714283,-0.006907581536569,-0.008364761147507
2018-06-22,0.0145629491096084,0.0199508322498942,-0.0047795946041186,0.0034551705238445,-0.0032383390007607,0.0082012935526865,0.0087419827533974,0.0069444803733385,0.004494356991451,-0.0017037792504958,-0.1180466580887595,-0.0959992912755791,-0.0894357757815506
2018-06-25,-0.0155499621056202,-0.020093186284812,-0.0107128623009057,-0.0126701491272497,-0.0207625883982425,0.0050360249782503,-0.0024759595163197,0.0165516807300183,-0.0091842616596486,-0.0217391842905805,-0.0326803869726429,0.0272022795324684,-0.0106664757151959
2018-06-26,0.003818728876122,0.012629055073688,-0.0033607340399028,0.0037659630213131,0.0040383405242259,-0.0042396856243284,0.0052744916237172,0.0011629679592173,-0.0030895291961617,0.0071626504480595,-0.0677908146612117,-0.024884904824625,-0.0534547342806175
2018-06-27,-0.0031125695400774,0.0134104973011388,-0.0123643253923267,-0.0080601802507577,-0.013647238724091,-0.002129043193266,-0.0027777353736734,0.0048404766695731,-0.0084636223935697,-0.0129469168938077,0.0106661722420022,0.0104140791593736,0.0315108534784494
2018-06-28,0.0038160042418939,-0.0013236014661035,0.0087254692003777,0.0014011263976017,0.0122343104962538,0.0,0.0099039109605127,-0.0003856096023071,0.0013223590992412,0.0078515818395634,-0.0637456560105195,-0.0412026295099637,-0.046584622262513
2018-06-29,0.0034559955823694,0.0062277481759072,0.0,0.0020980048415679,-0.0004319555290717,-0.0005816801639452,0.002451894853706,0.0015418666288506,0.0020413267044629,0.0017413299809163,0.0536372502561528,0.0533349820454425,0.0103064557213292
2018-07-02,-0.0053382579685491,-0.0147484733323043,0.0048887559507215,0.0022341687862001,0.0089246910517162,-0.0058219383490965,-0.0058087641897928,0.0071210621793302,0.0031150709781151,0.0013721492004836,0.2589724029818439,0.0636637639753756,0.0729275486780696
2018-07-03,-0.0017314761932725,0.0062818510891384,-0.0089819228348601,-0.003203776674775,-0.0118414281746735,0.0023421485004764,0.0058427030741816,0.0028664396104332,0.0023888919967862,-0.0050249371910643,-0.0481621057410204,-0.0127892391472776,-0.0018493646341842
2018-07-05,0.0086716448233887,-0.0010626832963894,0.0022659546657257,0.0048908630153994,0.0141491792547794,0.01382691993057,0.0131458094640668,0.0053355001612167,0.0103668945257604,0.0049588496737946,-0.011509763423112,0.0167775152176838,-0.0074151567723181
2018-07-06,0.0049862175053938,0.0061158748868448,0.004898373728847,0.0034766735278579,0.0116743274746005,0.0030735674929005,0.0042242321165728,0.0077710252164917,0.0143888304394699,0.0078582332534591,-0.0190503845388375,0.0051753483995944,-0.0051367355019628
2018-07-09,0.008896439079568,0.0149336936887232,0.0228722577512454,0.0185698926455908,0.0075992415875356,-0.0038302086288176,-0.0093146143203888,-0.0308446709183358,0.0073244788522319,0.0119672022649557,-0.0418457390505524,0.01022701730726,-0.0101868184634061
2018-07-10,0.0084788595201035,0.0074218336493188,-0.0036659451183306,0.0031294713246428,0.0023743277095069,0.0119186149384968,0.0048528618404886,0.0095090382490472,0.0038091404878231,0.0021500975639106,-0.0798665431033522,-0.0610820342919123,-0.0616272859004666
2018-07-11,-0.0168149269917418,-0.0211967662201815,-0.004783033240777,-0.0164117410089215,-0.00390138754554,-0.0032293887750025,-0.0030185952033335,0.0090351955413277,-0.0079340419049543,-0.0023244441376381,0.0208941598977683,0.0102306911787326,0.0116640635065703
2018-07-12,0.0023942897842794,0.0017165061725175,0.0018484387304282,0.0117209806680569,0.0158065732678274,-0.0013340008640521,0.0024219168032895,0.0007616634708915,0.0111263971301183,0.0066308989293228,-0.0327191334676311,-0.025943303661489,-0.0330251316034821
2018-07-13,-0.0005119317542726,0.0052730882239377,-0.0044278286891816,0.0051794419351987,-0.001101458825006,0.0064885307207225,-0.0033220275372402,0.0001904925513331,0.0018342369170814,0.002225487203936,0.0841793036930875,0.0014833886419449,0.0077567058715291
2018-07-16,-0.0080232615131475,-0.0115396880102467,0.0177908071577534,-0.0040680119155406,-0.002343671732936,-0.0047402767562605,-0.0054544624045769,-0.0009513950988305,-0.0060640331849182,0.0024868120221102,0.132216991734966,0.080746420930144,0.1017912667045017
2018-07-17,0.0130786629731454,-0.0039797279173088,0.0010925826451566,0.00394848168209,0.0074617953648417,0.0085728449413715,-0.0067033344298642,-0.0007621070205483,0.0055254630052412,0.0009746795317948,0.0944605571379784,0.0859257669095561,0.0458956047892247
2018-07-18,-0.0093426395292109,0.0006656429430742,0.0160055888738892,0.010984498440357,-0.0016460070293775,-0.0081224113814158,-0.0036808293006379,-0.0051478572996132,0.0008014436281393,-0.0006196466542313,0.0498229808496983,0.0067940819649061,-0.0379716474530266
2018-07-19,0.0036006727026665,0.0002663388426633,-0.0150374432964863,-0.0004025271306253,-0.0035720235093928,0.0005714142830026,0.0095443253753415,0.0091989036702988,-0.0056050304835587,-0.0023026843938068,0.0083120297023044,0.0130352664067501,-0.0204692170408676
2018-07-20,-0.0041001636819842,-0.0034597809822065,0.0018176090302233,-0.0010733049707336,0.0002757905697128,0.0060905456947224,-0.0088443433072221,-0.0070262251925466,-0.0019558502360801,-0.0044386534459669,-0.1033565654985334,-0.0150973746036278,-0.0617904337545091
2018-07-23,-0.0054898387535651,-0.004406316834382,0.0137877779595365,-0.0061794493807632,0.0050999336176327,-0.0062428288600898,-0.0027691163126684,-0.0070758533077477,0.0020747859814644,-0.0010698961188945,0.0114259540694154,0.0485414299389865,-0.0038434843715724
2018-07-24,0.0129376444948909,0.0126073070709751,0.0028636809435069,0.00419019027955,0.0054853063740754,0.0019038456995978,-0.0027768782807016,0.0034669081433911,0.0090867934132727,-0.0029456008684758,0.0557465374568955,0.0924846981320643,0.0277288984265626
2018-07-25,0.0078338084218334,0.0083441855226633,0.0021410299960171,0.0152108325386739,0.0125476781245854,0.0075999687939101,0.0099009193908659,0.0028790042450856,0.0127662969682667,0.0073410989202822,-0.0025466003337303,-0.0288309144941628,0.0048205568377783
2018-07-26,0.0057453523803912,0.010902598866715,-0.0003559733404061,0.0076902374607659,-0.0153552380686168,0.0052802513460561,0.0033702230339225,0.0107177953491579,-0.002813608107668,-0.0052435829545059,-0.046117934767746,-0.0280893655911045,-0.02154932358893
2018-07-27,-0.0036964041617574,-0.0042879319834358,0.0021374475560791,0.0001314664500196,-0.0171000525014795,0.0013128964313287,-0.0091603562884965,-0.0032190862923037,-0.0072234625064364,-0.0025908271443204,0.0047036354257028,0.0268411668376642,0.0082570423818011
2018-07-30,-0.0018549494207762,0.0082210737130481,0.0007110653133657,-0.009867197151024,-0.0155880603026321,-0.0011240333338686,-0.0009246786124885,-0.0060789526106712,0.000568434585362,-0.0079720557739478,-0.0691856237005702,0.0018946964287636,-0.0165948547002539
2018-07-31,0.0091230847420666,-0.0018118467360435,-0.0071048328295175,0.0220567872087145,0.0026862265966232,0.0046888835633687,0.0194324454305188,0.0089831193609644,0.0104532350984449,0.0046951888083597,-0.0700254066396891,-0.0489017808267501,-0.0243932289598135
2018-08-01,-0.0102125706146486,-0.0138747735641704,0.0,-0.0135204914554809,0.0090239262966651,-0.0084005167475496,0.0066568998214717,-0.0064406116472945,0.0002249701184728,-0.0049429639778438,-0.0167205341569737,-0.0199898445753106,0.0244172583877211
2018-08-02,-0.0065966024185267,-0.0055225614814522,0.0003579382847587,-0.001317753285046,0.012577214494297,0.0101660708817687,-0.0048095979016165,0.0049571630375573,0.0037097412662454,0.0068641097905925,-0.063590703856486,-0.0075752045234139,-0.034984700518592
2018-08-03,0.009534834791834,-0.0051564639739239,0.0057221806619232,0.0009237230497483,0.0035882918585194,0.0117403408990579,0.0129874268573844,0.0111932552304594,0.005936626942169,0.0034087666347444,-0.0127784897267587,-0.0175442230348682,0.0239788531203553
2018-08-06,-0.00033722737069,0.0037212513207367,0.0053344640641719,0.0014504495922482,0.0053630811776486,0.0009208551586257,-0.0020872075377945,0.0007504379666047,0.0017814645495923,0.0067048930506254,0.0022878839618754,-0.0649132374218185,-0.0601265227682131
2018-08-07,0.0033743626008839,0.007415180891201,0.0045984617820427,0.0071087519842389,0.0038296575447982,-0.0060729659313079,-0.0020912212406941,-0.001499837759823,0.0001112790985411,0.0046176374620139,-0.0396391433930083,-0.0285796042869406,-0.0798756867317732
2018-08-08,-0.0042037499804,-0.0072291950319778,0.0024646494748228,-0.0044446501328767,0.0027248119560396,-0.0075909954984175,-0.0062876570301195,-0.0052571861412138,0.0015558481597806,0.0010608430332308,-0.0927275752542645,-0.0662390576115351,-0.1287696606186896
2018-08-09,0.0054036263223438,-0.0092677492487036,-0.0059708503713432,-0.0055143509231149,0.0004080589993598,-0.0029850912114944,0.0018077695558265,0.0045299995798882,-0.0011096206539701,0.0037085145787258,0.0857567380719941,0.0416172704350952,0.0446672134938956
2018-08-10,-0.0144441856050424,0.0061474111030408,-0.0116610652660414,-0.0088464669584813,-0.0080139280384678,-0.0037425147172707,-0.0096239923623471,-0.0043216359676582,-0.004332572845905,-0.0083576584598813,-0.0579076372206046,-0.0583901630533161,-0.0759723691836782
2018-08-13,-0.0100543568842875,-0.0127509763632134,-0.009653096784413,-0.0047952805859271,-0.0013698459171281,0.0,-0.0003036857117517,0.0013209052946403,0.0003349143791104,-0.0050567578304983,-0.115551584360127,0.0182482063013578,-0.1340714855457436
2018-08-14,0.0084351323857434,0.0024215406711798,0.009386408678724,0.0069602201206635,0.0061708096078549,0.0069499072085774,0.003948827364113,0.0020732584672753,0.0046842979448555,0.0097191813793959,-0.0801476447230615,-0.015539305797755,-0.01151133582966
2018-08-15,-0.0158756436296858,-0.0348942372998204,-0.0078684235464937,-0.0047854202664884,-0.008994334041994,0.0041035760539753,0.008774910372401,0.0092157350935055,-0.0016650759687378,-0.0121864837508658,0.0039931307509868,0.0175508304871243,0.0281947021642088
2018-08-16,0.0060710902413569,0.0072312591320125,0.013338130545673,0.0126887278614231,0.0044001124452042,0.0143041127477874,0.007798233382845,0.0108086948908114,0.0097850273439028,0.0049170375896323,0.0030618405238678,0.0041546925200131,0.0369886746846872
2018-08-17,0.0074137391857578,0.0024849209770687,0.0021344058285017,0.0060670905656747,0.0015063685854408,0.0076920928339958,0.0095237420975742,0.0051621141291573,0.0030835369139161,0.0008893372896634,0.1526890351079439,0.038817740156551,0.2538675064641882
2018-08-20,0.0070169893639533,0.0067482092607931,0.0031948281255047,0.0066856455709702,-0.001504102852155,-0.0005448545523729,0.0011791502188913,-0.0034846877774924,0.0032936002441139,0.0071105393650143,-0.1467234279601239,-0.0413486402520417,-0.1292503294766047
2018-08-21,0.0039089525339897,0.0050615452603648,0.0038924479992976,0.0074228151903548,0.001643189637432,-0.0070923859620676,-0.0091281021222245,-0.0071786135100102,0.0,0.0079428965304562,0.0132140454299156,0.0285692525210587,0.0497802743490372
2018-08-22,-0.0050787171793317,0.0119779097986463,-0.0035247925416307,-0.0096943485864204,0.0030072386185724,-0.0062271723373561,-0.0062408738637257,-0.0074155999956146,0.0009849292548034,0.0010505983147814,-0.0510931342559266,-0.0172682929765866,-0.0458683162684364
2018-08-23,-0.0068062880159133,-0.0047076587347572,-0.0045986911317574,-0.0028718981455971,0.0021802127312713,-0.0023956307367514,-0.0023922924318658,-0.0007469871344968,-0.0003283267827193,-0.0009621618944869,0.0255577170605898,0.0248043148965404,0.0247214375655588
2018-08-24,0.0130203311992413,0.0072974335775282,0.0035539865877214,0.0043198089096754,0.0100624466825109,-0.0012931745158764,0.006894386955331,0.0042989308331942,0.0048116599113356,0.0058658071540533,0.0175656338968879,0.028321879123101,-0.0003142935638296
2018-08-27,0.0136985507590798,0.0073787559835147,0.0134557759634461,0.0126432199022168,0.0091546518252334,0.0005547802746275,-0.0014883131030452,-0.00614186990651,0.0035911408614914,0.0064412279252603,0.0657652718214223,0.0245061245511164,0.028378642314357
2018-08-28,-0.0038371449962522,-0.0042618506552793,-0.0010481481344435,-0.0020592405764383,0.0017342006869927,-0.0033276701545807,0.012224029423566,-0.002059709335172,0.0005422684153213,0.0019890406700067,0.0520226858383527,0.0307408439997807,0.0443273081400836
2018-08-29,0.0075365684131512,0.0061526190851077,-0.0003496989044052,0.0007740007749887,0.0090558996975658,0.0011128989397872,-0.0014728780853625,0.0073181864968874,0.0065026827462861,0.0112204092265379,-0.0001042572707786,-0.0069218844793854,-0.0199922223951143
2018-08-30,-0.0118019035249196,-0.002791649236428,-0.0076977308580065,-0.006959961328795,-0.0030355417114986,-0.0031498058918324,-0.0053095153863534,0.0003726496334441,-0.0007538073850832,-0.0057186797535876,-0.0465444930385475,-0.0097812699375247,-0.0271430409979749
2018-08-31,-0.0030278258972751,-0.0077313310788761,-0.0010579096963344,0.0006491478126247,0.0007942962355442,-0.0003719484294131,0.0038550722491654,-0.0042826604452042,-0.0002156796844914,0.0039489916228931,0.0162688788232288,0.008505036065358,-0.0003338772683862
2018-09-04,-0.0069173957674444,-0.0021490858549764,0.004941707955641,-0.0007786486461127,-0.0038359259248096,-0.0013014229657358,-0.0088624025243221,0.0044882241048436,-0.0079758342747159,0.00188086643726,0.0300305143106687,0.0460499311591979,-0.0109742598455813
2018-09-05,0.0066258885293601,-0.0013465191972489,0.0007027253780802,0.0071396763957967,-0.0124815096849862,0.011543422160531,0.0062589844169833,0.0139638655535037,0.0040201181053729,-0.010753541212978,-0.1681090657708659,-0.0772692661779649,-0.1448837990459361
2018-09-06,0.0020250958159828,-0.0184687858331393,-0.0045631039605895,0.0030926214625845,-0.0072611278039249,0.0027608638005693,0.0032584852156358,0.0056922293865415,0.0,-0.0027607858680681,0.0125272774176337,-0.038814478386419,0.0673799162889723
2018-09-07,-0.0065687531517676,-0.0001370262204239,-0.0010579096963344,-0.0030830866426624,-0.0033863496226869,-0.0020189818080447,-0.0126955854901873,-0.0122327658500722,0.001514844076371,-8.659234694874396e-05,-0.052816218814779,-0.0095111780516222,-0.0372468486093988
2018-09-10,0.0011867198271262,-0.0004121891898483,-0.0010586486144841,0.0051547347272269,0.0031255585304521,0.0034945155715442,0.0053827636196599,0.0049905934160969,-0.0025932226743755,0.0037205651755773,-0.1247275662621572,-0.0212414018465998,-0.0724483727063964
2018-09-11,0.0020321753258747,0.0094820108052864,0.0010597705390971,-0.0002558966443819,0.0085356484631928,-0.0036657714841731,0.0002973129327901,-0.0025749284392393,-0.0008664711599389,0.008016450871682,-0.0407438539147824,-0.0013428756082783,-0.0244561802103266
2018-09-12,0.000507013491162,0.0051728313212355,-0.0091774467336184,0.003077876564248,-0.0041643066705978,0.011589578086701,0.0008923039988191,-0.0009220036277381,0.0049875187839196,0.0018813744965271,-0.0534370164289352,0.0048407910570038,0.0241819109130794
2018-09-13,0.0038851824587355,0.0004063837376659,-0.0014250163671307,0.0060094394719136,0.0117359772334886,-0.0014549409736387,0.0062387402532146,0.0075672694155033,0.0124071003009642,0.0017068391884571,0.0462057684206109,0.0260572214168504,0.0388615163656942
2018-09-14,-0.0003364329192532,0.0052796650957467,0.0071351725787436,0.0049570932577778,-0.0007997982655086,-0.0027317837804435,-0.0085618414944285,-0.0053123219683361,-0.0033035888577067,-0.0037489381533366,-0.0226409980911823,-0.0007058276520363,-0.0122031231030538
2018-09-17,0.0035346835623051,0.0016155830143655,-0.0042506663628836,0.0003791938702122,-0.0125433516533218,0.0036523008894109,0.0056579173564477,0.0033148658648136,-0.0036353971110045,-0.0124016851184912,-0.0637234866200034,-0.0355473784359459,-0.0177082301737661
2018-09-18,0.0010063732364371,0.0065880371563233,0.0049805365499986,0.0091024753383397,0.0063511230101191,-0.0041849519550667,-0.0059225659323886,-0.0018356311414734,0.0057948846813578,0.0127305721989385,0.0865584415054421,0.0143443301556029,0.1822177837269085
2018-09-19,0.0108914643474216,0.0030719946555464,0.0169909302192321,-0.0008771830684368,-0.0025513206447376,-0.0018270691648979,-0.0095322540224391,-0.0216988597763463,-0.0013871478632274,0.0004275472790367,0.0420567722857725,0.0042754595153344,0.0130274284898399
2018-09-20,0.010774118420767,0.0002665132807342,0.0087016009040945,0.0015048034508564,0.0118473640387395,0.0126306952952957,0.0075186510628779,0.0020677146798815,0.00972234459568,0.006838179629423,0.126371728039299,0.0189308626769564,0.3798922592640223
2018-09-21,-0.0021583982831249,0.006607795547785,-0.0038818779125084,0.0064667610040107,-0.0039518227996506,0.0016017193320867,1.4061167497025906e-07,0.004258525654833,0.0013487674317911,-0.0044193216430454,0.0750125825062708,0.033020118505568,0.2479206938874165
2018-09-24,-0.0140357369724161,0.0146469001086853,-0.011134376617607,-0.0171254960987031,0.0049593227266599,-0.0152673247605721,-0.019607873465259,-0.0088578848038362,0.0020155847863065,-0.0064999808061221,-0.0553843003201668,-0.0207187930149237,-0.1188860363773252
2018-09-25,-0.0051918280595979,0.0064306479561504,-0.0038704741092295,-0.0030520188575858,-0.0012003424172258,-0.0059061119960782,-0.0009230044609133,-0.0136911182972467,-0.0030700845921801,0.0042182548302116,-0.0208570157307229,-0.0225823622606867,0.0651470079723948
2018-09-26,-0.0099326474907169,-0.0096493054262583,-0.0120097325553794,-0.000637684748411,-0.0037389948737053,0.0011140220538434,-0.0110871475609732,-0.0098321225791924,0.0022298903309672,0.0023144890411006,-0.0191538807697447,0.0075281174873815,-0.0201787140537811
2018-09-27,-0.0086719213846008,0.0,-0.0035752568684551,0.0014040827270362,0.0058975524065032,-0.0012983292144097,0.0031144611845694,0.0103190900245202,0.0050861020472821,0.0034212827942967,0.0821002882886114,0.027983063895304,0.0485620818980281
2018-09-28,-0.0063462656336384,-0.0027650346753331,-0.0104052540530306,-0.0006373049353507,0.0037306993153829,0.001485805103272,0.0124184421528636,0.0146466273367305,0.0030570492685471,-0.0008523354508338,-0.0228951077025193,-0.0048856280656757,-0.0041911881117699
2018-10-01,0.0100117433686479,0.01386343936259,0.0039881209092094,0.0088010216345439,0.0047788467180553,-0.0007418003808445,-0.0076664476348349,-0.0034187917318252,0.0049396853335526,-0.0030710941567183,0.0052003868570738,-0.0082041992836427,0.0692788274541897
2018-10-02,0.0042729087126303,0.0010416915503808,0.0,0.0022755393389124,0.0001320131871744,0.0057526595023844,-0.0030902560460828,0.0135314856454058,-0.0011503631090439,-0.013520808779377,-0.0230143376203569,-0.0050867908825003,-0.0964922284866189
2018-10-03,-0.0071478530325429,0.0080655348753917,0.009389743595721,0.0041629381825796,0.0030384738718567,-0.0107011584090361,-0.0114694701945273,-0.0120343949444763,-0.0018848216463183,-0.0033828275238497,-0.0210360518721107,-0.0081619031297858,0.0140638884804011
2018-10-04,-0.0046279340227138,-0.0041295856433766,0.0067977333857542,-0.0032659386349559,-0.0180426325890223,-0.0024246012676911,-0.0047035192567448,0.0053289122629807,-0.0097553934995723,-0.0156673776214448,0.006374618244086,0.0113954746396116,-0.0029460264924577
2018-10-05,-0.0074050177026738,-0.000129520893195,-0.0049751217151888,-0.0051677481870073,-0.0126072029411694,-0.0009347732638764,0.0003150840601098,0.0153352256563774,-0.0011654986611716,-0.0075160172581286,0.0207492587815851,0.0069624749639192,-0.014394142014761
2018-10-08,-0.0005203265865617,-0.0007777528697829,0.0067858259048043,0.0025341464864578,-0.0112744278811731,0.0138471694639408,0.0129133496671298,0.0083908840016715,-0.0004240596247013,0.0025836820008315,0.0435710538858404,0.0044922748106055,-0.056403670222057
2018-10-09,-0.0331540713749017,0.008949472093847,-0.0039022049014789,-0.0154176562953226,0.0035718746598127,-0.0022145542523204,0.0034202984086435,0.0040679007473176,0.0016977651606895,-0.0029323266610318,-0.0028866515057591,-0.0014415983479458,-0.0202021296126642
2018-10-10,-0.0262115825021971,-0.0313664366631584,-0.0309828510503334,-0.0322172066513405,-0.0484599799975485,-0.0120238386593277,-0.0158039236191959,-0.0055248722085933,-0.0236206445245988,-0.0336899309979772,-0.0194309373770559,-0.0085975380853178,-0.0364066841935843
2018-10-11,-0.0116154587132891,-0.0338421011707736,-0.0297684102814718,-0.0263923010726067,-0.0126600533789351,-0.0247143916030275,-0.0292822332676385,-0.0183331883344309,-0.0270120623897361,-0.017616605586369,-0.1622598648550083,-0.0500019833671494,-0.1714083275986095
2018-10-12,0.002798009781681,0.0027471704835035,0.0011362406401351,0.0066751444323762,0.0320559636583659,0.0055674008758284,-0.000648693009454,-0.0011320902221235,0.0153860013103812,0.0184958963938242,0.0320698780656487,0.0029314481322555,0.0939237117203171
2018-10-15,-0.0033478418524313,-0.0083562698544678,-0.0045401298945425,0.0018940466238499,-0.0163772053119283,0.0061091547594089,0.0061666972778813,0.0047214881529631,-0.0069174785888451,-0.0023045172877562,0.0215122864766172,0.0513117940848257,0.0672869821774131
2018-10-16,0.0160506298561049,0.0082884717815152,0.0167236675839643,0.0168827558752471,0.0301420813373456,0.0111954183503861,0.0187097631267001,0.0103384089676112,0.0274212897041834,0.0200497998382447,0.0137052065100553,-6.521233536105342e-05,0.0512769502167769
2018-10-17,-0.0064292033184406,-0.0063022264487998,0.0100933303871897,-0.0073048126717998,-0.0045982207179846,0.0046913230659337,-0.0028497549471999,-0.0018604685506204,0.0052734349418683,-0.0082428268353689,0.0210251343829639,-0.0078348736711749,-0.0043721202362215
2018-10-18,-0.011277383950816,-0.0049634275968423,-0.0166542013921184,-0.0172599641222472,-0.0195968954581344,-0.0013076276466258,0.0003174374559766,0.0014912178913115,-0.0113480144005834,-0.0191798805508155,-0.0294155864281011,-0.0103477633689729,-0.0223666531636623
2018-10-19,-0.0071054929165823,-0.0088679959202291,0.00376364061593,-0.0036756951977381,-0.0004281032098129,0.0228167496616253,0.0101588444533626,0.015633700437861,-0.0090956197306685,-0.0097773956961447,0.0093836598336041,-0.0017446828336689,-0.0077491574483312
2018-10-22,-0.0079095900985546,-0.0110441941099146,-0.0213722734633164,-0.0034165776932892,0.008284454564843,-0.0074967066888623,-0.0141421813583401,-0.0064138343028251,-0.0081960589132082,0.0040436623053743,-0.0007911746836672,0.0033640557171727,-0.0023537231904726
2018-10-23,-0.0098707016176616,-0.0261522938056039,-0.0080460947021857,-0.0164539372792356,-0.0038247466589333,0.004421277302093,0.006375562014774,-0.0055329388002801,-0.0053987520740255,0.0001872353085798,-0.0136322925863009,-0.0017603884596555,0.0197502403179727
2018-10-24,-0.0316335301118851,-0.0394831081723999,-0.025106078304509,-0.0338771582325001,-0.0447954244688819,0.0042187216868971,0.011720075091282,0.0242953040353635,-0.033011940489113,-0.0298717693377791,-0.0056460253138115,0.0031038319400622,-0.0104337602700292
2018-10-25,0.0128687319604703,0.0122412999617647,0.0154517800441404,0.0070707237984881,0.0343905800893984,0.0023743957729454,0.011897052356093,-0.0155713245778159,0.0129452272843459,0.0302124404304233,-0.0062163189575416,-0.0030095884685811,0.0017824543967512
2018-10-26,-0.0058640894069238,-0.0074649189095323,-0.0144364886761619,-0.0098868661204187,-0.0200057805060603,-0.0191326353587725,-0.025990007532029,-0.0183924442346223,-0.0113097905936669,-0.0311065776581676,-0.0019767608540016,-0.0002377964935497,0.0026983654501477
2018-10-29,-0.002359353096427,-0.0186523861401416,0.0087093316360569,-0.0166424496058071,-0.0168894886925364,0.0115178094405219,0.0165185092503679,0.0140528201059688,0.0025167284811351,-0.0087997675167177,-0.0554311371877007,-0.0219499003339896,-0.0386990638205536
2018-10-30,0.0228618111545133,0.023145173262449,0.0172686059830586,0.0206034057995492,0.0112041525903952,0.0198347847316295,0.0165623147780076,0.0038803667563098,0.0107258521262931,0.0150243415351232,0.0002872069424459,0.0002589977227631,0.0073497691591306
2018-10-31,0.0136799895470507,0.0061425282134255,0.0138887966523906,0.0076422603870469,0.0237849868817727,-0.0093644972242717,-0.0135257271889213,-0.0117801723098126,0.0013543759175074,0.0128797689245134,0.0008328107539463,-0.0026301619916153,0.0081459370893259
2018-11-01,0.0281313872362225,0.0084872969735287,0.0045662893043243,0.0176015737042074,0.0116882951211716,0.007089520663047,0.0037395516213039,-0.0044700634679386,0.0126269207054725,0.020402111649828,0.0166702527361277,0.0095241591641666,0.0163700017872805
2018-11-02,-0.0024032094505489,-0.0025100934159584,-0.0007574937600901,-0.0016872679872522,-0.0195408543008527,-0.0052346028225092,-0.0083825533716751,-0.0056125603929804,-0.0062345466601591,0.004092169630554,0.0242285005858104,0.0016714525444749,0.006501785012098
2018-11-05,0.0029650507986438,0.0167258482155918,0.015920977570029,0.0052119778253816,-0.0010183490427625,0.0125204263310652,0.0165934991841674,0.0141111619439451,0.0088505211338112,0.0013892565260529,0.0491017300242453,0.0048869857320561,0.0844304578382766
2018-11-06,0.0164449698644741,0.004658856976982,0.0052239579482062,0.0105098429262202,0.0062615952186242,0.0060933147212953,0.0055436455586845,0.006678840628749,0.0051081337076006,0.0044395580592169,0.06308767200383,0.0064410900839888,0.103873687215094
2018-11-07,0.0179968794423299,0.0163740421648483,0.012992104947672,0.0162252526430635,0.0293780373123151,0.0056999122040657,0.01102602319645,0.0114263328722974,0.0293889421037878,0.0270717791418808,-0.0297460864481573,0.0106996233718064,-0.024355316100657
2018-11-08,-0.0042862122343356,-0.0216708951363663,0.0029312375369972,-0.0016375349643419,-0.000843541712157,0.0005313605066779,0.0021206616667741,-0.001639600118534,0.0005369228578193,0.000268842268617,-0.0261126995198349,-0.0117026465397417,-0.0787725119474764
2018-11-09,-0.013988335312542,-0.0017485760468407,-0.0091342002368511,-0.0101148883965601,-0.0173068620904789,0.005841702813462,0.0012089302598223,0.0014600217343951,-0.0028964131784577,-0.0138927567061668,-0.029636737819889,-0.010552068479761,0.0145083321653145
2018-11-13,-0.0176427997843119,-0.0432115442448131,-0.014380483316959,-0.0153271917749743,-0.0340776004397109,-0.0075676764261434,0.0042270264115789,0.0036448170526572,-0.0204412623425813,-0.0205415628561548,-0.0083933211174569,-0.0040919883007397,0.0188627963830154
2018-11-14,-0.0011107551032756,-0.0016785542941373,-0.0134680053369717,-0.0033654277276325,-0.0120076968716581,-0.0067387621681915,-0.0003005444416166,-0.0103502058476695,-0.0080175689595493,-0.0075168158755341,-0.119274990846586,-0.0976713720482337,-0.0700630233321987
2018-11-15,0.0137163333509624,0.0146723210623131,0.0147894837119604,0.0132265138062948,0.025056618027063,-0.0016066487179566,-0.0078193785586477,-0.0082571057105642,0.0088575378200808,-0.0014960421235861,-0.0197612099492789,-0.0157397703107884,0.0154646367724942
2018-11-16,0.0100567951581018,0.011899324009895,0.0011211962127948,-0.000278049443166,-0.0016101002659283,0.0025033867228927,0.0142464911856821,0.0153560347514909,0.0100963930852975,-0.0039327957131745,-0.0376437648537034,-0.0128327900570277,-0.0209649704475
2018-11-19,-0.014301299218053,-0.0002977895047995,-0.0003733938302554,-0.0158350491739671,-0.0381178140282154,-0.0016053755585387,0.0026899856804356,0.0043733881918519,-0.012711763243157,-0.0244429159586311,-0.1401285657952546,-0.1262762588400843,0.0139035039936623
2018-11-20,-0.0181817345815724,-0.0327576750548979,-0.0220311534329229,-0.0207483986346889,-0.0214904766143029,-0.0166160619584142,-0.0131149262868923,-0.0041726627378655,-0.0093538808500237,-0.0226462250641479,-0.1484348459954263,-0.0861379366474982,-0.0908471385586753
2018-11-21,0.0080431684139166,0.0157020661757925,0.0007635674951271,0.0070624482051018,0.0073206937872862,-0.0079943487326248,-0.0006040231560276,-0.0147568196451111,-0.0056655465762006,0.0104514074777894,0.067065710439182,0.0337610488920672,0.0297313687325633
2018-11-23,-0.0107626240056697,-0.0313731844635549,-0.0080121624423923,-0.0020037779639457,-0.0091228494819193,0.0034799248674965,-0.0036263997563572,0.0005546749498124,0.0014525707878043,-0.0044887382243813,-0.0914189987935308,-0.0554216951837003,-0.0898534852794565
2018-11-26,0.0114427122688793,0.0150212002266953,0.0203845588231035,0.0073141414427284,0.0226278150607193,0.001277713294711,0.002123234552313,0.0059141625959748,0.0097052099976409,0.0224466749677136,-0.1752050059553834,-0.1306569188108882,-0.1275734830222921
2018-11-27,-0.0122403785912216,-0.0027747600313925,0.0007537008227043,-0.001708528055872,0.0019838612779834,0.0089319264326204,0.0054478658404752,0.0075322913320274,0.010385558283636,0.0029719081684795,0.01829300012485,0.011005202038643,0.013256441962224
2018-11-28,0.0153961640116764,0.0171586443695357,0.0192090699506177,0.0239589406100506,0.0350287874084687,0.0083106751163806,0.0081276263525695,-0.0007294295890908,0.0240570166460283,0.0295356340604076,0.1524916921457888,0.1142978167781056,0.0843895336930335
2018-11-29,0.0072112798189842,0.0065350916753879,-0.0084994269307709,0.000557253622001,-0.0097114792440261,0.0016124061426692,0.0011941996969129,-0.000364728382201,0.0033102524148689,-0.0046422085467272,-0.0036885880279708,0.0050328034832569,-0.0281521028975535
2018-11-30,0.0025703764882389,-0.0018118288215738,0.0052179553352518,0.00974379548817,0.0095095346010785,0.0064400433963547,0.0095436619702644,0.014786113765504,0.0203275836107812,0.00727537588122,-0.0704629402315438,-0.0611328576557232,-0.0450703192457718
2018-12-03,0.0175791104233595,0.0222357466773894,0.0063034153598808,0.0115796774186016,0.0220785404336918,0.0008890677005464,0.0047270305937441,0.0100738234006383,-0.0047978577138627,0.0187054372349055,-0.0062955454464161,-0.030652094485647,-0.0378006132558108
2018-12-04,-0.0296920691840345,-0.0287069377511942,-0.0434783849619352,-0.0425183486852706,-0.0378746601325212,-0.0168709159622529,-0.0132315262861132,0.0007124117529526,-0.0223247962702006,-0.0359968331167188,-0.0251351839785266,0.0161173164743617,0.0099697989496372
2018-12-05,0.0,0.0,0.0,0.0,0.0,0.0,0.0,0.0,0.0,0.0,-0.0914612695889266,-0.0512773241074452,-0.0397154187894299
2018-12-06,-0.0135387958494838,-0.0184338814373878,-0.0138675621334515,-0.0055508649064115,0.0022452151242644,0.0010835941626248,0.0274136097875687,0.0010678568756405,-0.0037521242285457,0.004809356389795,-0.1008146128916502,-0.0620387278838305,-0.0807291551940797
2018-12-07,-0.0240645291555661,-0.0055873398741503,-0.0191406557638018,-0.0263344064192657,-0.0352448572937081,-0.0126305116354423,-0.0150812154358536,0.0037334301654692,-0.0255031678310179,-0.0299363124515572,-0.0303266191096849,-0.0287309360355496,-0.0287486745540545
2018-12-10,0.0026968874615771,-0.015608175077028,-0.0139383621715357,0.002498638755749,0.0137769080873633,0.0,-0.0038281210699222,0.0019481299170682,0.0038651941673046,0.0007738097287073,0.011351444975159,0.0241872127502567,0.0058576946707984
2018-12-11,-0.0032658417582734,0.0003173563722727,-0.0096931317903019,-0.0058650117737381,0.0012215836139866,0.0082234404611776,0.0017735723256029,0.0040657911063277,0.0030798033306462,0.0003866447917124,-0.0215872699491682,-0.0222881924354418,-0.0079700208855438
2018-12-12,0.0086737682825535,0.0039625146979429,0.0057092692765388,0.0056049228630572,0.0077779702555287,-0.001268912583739,-0.0188845657348309,-0.0063379257505502,0.0085533750417876,0.0105325845044432,0.0358025478863262,0.0182100907007736,0.019837788014787
2018-12-13,-0.0116569186790579,0.0031577087009111,-0.0072990051253234,-0.0027869966821882,0.0016648643778978,0.0061705627257875,0.0069171937939278,0.0086817106478571,0.0009785932609303,-0.0049722255194256,-0.0463589240289792,-0.0496918336980208,-0.0237437777884877
2018-12-14,-0.0077337953268392,-0.0228204253026851,-0.0098039146748269,-0.0138255004796666,-0.0244750232046634,-0.016955049291439,-0.0017921133230441,-0.0019319657526584,-0.0336736990888122,-0.0166250956379755,-0.0285029374149978,-0.021484404643338,-0.037450127652152
2018-12-17,-0.0171473981822241,-0.0181995237602643,-0.0099009830680231,-0.0164056800348589,-0.0212171768984652,-0.0231194066697451,-0.0374027706422414,-0.0322073677987398,-0.0198966311545666,-0.0254079250579143,0.1574863945388356,0.0935640089636358,0.1373420773021441
2018-12-18,0.005551054122628,-0.0236219619186149,-0.0037502214450626,0.0050035378128592,0.007911282451507,-0.0118331976344208,0.0099473414819946,-0.0067281482675045,-0.0087164346697783,0.0078208034002942,0.058219693852942,0.042357604334164,0.0660946766071555
2018-12-19,-0.0136039617931286,-0.0117604874463109,-0.0125468652499987,-0.0188592470996611,-0.0197801431068134,-0.0096940023395732,-0.0092337451989322,-0.0016479112277386,-0.0130740358435164,-0.0197989211296951,-0.0054700150341505,0.0134985941661627,0.0051233726204387
2018-12-20,-0.0133919334857958,-0.0277118916998746,-0.008894484566547,-0.0182991148568364,-0.0179372281768281,-0.017850223270759,-0.0121156265930826,-0.0005500129696087,-0.014068314971805,-0.0224319605098598,0.1405702061111593,0.1037095134107701,0.0745632990687983
2018-12-21,-0.0089926769381399,-0.0097070074197965,-0.0199956635112793,-0.0188817410411216,-0.0303826454340919,-0.0103735157379299,-0.0153032065334096,-0.0042746629729442,-0.0124220625091764,-0.0226612905460455,0.0354052450569053,-0.0575404708163228,-0.0519012505109237
2018-12-24,-0.0259259945606037,-0.0404562161646138,-0.0210619512536567,-0.030682421233981,-0.0266891368376942,-0.0288960716079259,-0.0368334612528811,-0.0418136449851961,-0.0239482356743366,-0.0189847713729889,0.1206000168202403,0.0467222836143534,0.1345036613129095
2018-12-26,0.0447824460609713,0.0622213021317952,0.0452713109938152,0.046569136059863,0.0603956540546555,0.0279092078601728,0.0318683349083441,0.0135762308526368,0.043618561708524,0.0592522095337868,-0.098827514638241,-0.0542591971168102,-0.0690905704939132
2018-12-27,0.0183989531649531,0.0052456713814124,0.0120066322157255,0.0125100230743151,0.007201316013027,0.0095825562589173,0.0022756602088152,0.0084195082090952,0.0110425454376898,0.0053368678194036,-0.1032574904575513,-0.0524885896640594,-0.0991067086839682
2018-12-28,-0.005360474406838,-0.0076533167817084,-0.0004235946285481,-0.0026586657000067,-0.0022749959222762,0.0,0.0035680675402092,0.0024668876127333,0.0011744212126991,0.0001025538035333,0.133120448067421,0.0736244771111243,0.1046130870355326
2018-12-31,0.008383226766746,0.005258454958452,0.0097496152040186,0.0100361411168745,0.0094463798522121,0.0041526638636331,0.0019393667931684,0.0017034293620776,0.014780388401179,0.0107184460654377,-0.0190865287710643,-0.0461829807188994,-0.0640729518376945
2019-01-02,0.0051464240146079,0.0197036188084498,0.0083967001383202,0.0051232061051642,0.0006451982759969,-0.0059078936197949,-0.0229033658917776,-0.0171959076534518,-0.0151431866941311,0.0075748539873936,0.1021601204416502,0.0536267830198899,0.063897477694899
2019-01-03,-0.0283576119631897,-0.0099179805989457,-0.0224814406952428,-0.0304293239082334,-0.0504675582856083,-0.0057448513444187,0.004621865355745,-0.000192156292749,-0.0203048938486405,-0.0216519240497844,-0.0569181351456103,-0.0270497433632126,-0.0400247286448979
2019-01-04,0.0393189314928776,0.0340241504570097,0.0332195303294657,0.037916244938847,0.0443198235231725,0.0213189430791898,0.0101874419985232,0.0148077662958556,0.0298308112719105,0.033094189975193,0.026474855206636,0.0054672226262164,-0.0096523470618953
2019-01-07,0.0035100663299667,0.0148656534688598,0.0012368290530722,0.0081350462248928,0.0089432139593919,-0.0013653577455556,0.0084581756481969,-0.0068219857155406,0.0038389923308241,0.0226122981284484,0.0954989560990189,0.0434274309734867,0.0213036393055796
2019-01-08,0.0104938666184848,0.0077353302232598,0.0008232113376562,0.0137025706802333,0.0083803286838493,0.0091814103262397,0.0174191044877269,0.012402163489684,0.0077646487348612,0.0110560661098346,0.0110218019054586,0.0013911214837352,0.0026567513999682
2019-01-09,0.000384662173168,0.0158417736708824,0.0049363488171376,0.0067587373449491,0.0129457467040334,-0.0092915916574286,-0.0041218555924127,-0.0060308539554317,0.004484966567378,0.0050840123478255,0.0750952472821127,0.0011036105648376,0.0152608061209646
2019-01-10,0.0088427563374158,0.0028940034413034,0.0004092906885579,0.0135762309622582,0.0044176442280188,0.0058618937350241,0.0159187820594528,0.013082981599229,0.0019459231210592,-0.0028630746705035,-0.1464471352453425,-0.0883136681966635,-0.1030979261314761
2019-01-11,-0.0040016840938124,-0.0059313407461037,0.0024550894064641,-0.0010301562778481,-0.0018850849762894,0.0029134348829795,0.0018800528722007,-0.0037430424964305,0.003313459115579,0.0009572012683936,-0.0085786505696154,0.0022943982214995,0.0007575737893084
2019-01-14,-0.0076526844701457,-0.0024190044314316,0.0069389342885488,-0.0001474675456675,-0.009285505446925,-0.0048421063493686,-0.0031278297297373,-0.0225439225182098,-0.0110463940886604,-0.0061197676660438,-0.0019933134300154,0.0050677828620468,0.002589342105322
2019-01-15,-0.0065547380196633,0.0035563298096921,0.008917488184198,-0.0030946702652897,0.015091445756193,0.0099261876269203,0.0112958499748172,0.0123005737846213,0.017964075337157,0.0090435849021652,-0.028348360251688,-0.0203388803286431,-0.0197353787892112
2019-01-16,0.0038814571348126,-0.0012885838204312,0.0212937361858205,0.0010345101331972,0.0009390340024963,-0.0053959779917065,0.0046542890124858,0.0036073045832663,-0.0018101234812769,-0.0022884448168355,0.0459471609215753,0.0067016576822143,0.007708293064522
2019-01-17,0.0175912392420143,0.0091934725711395,0.0055073284254243,0.0171294031250341,0.0064101969237595,0.0042625386596342,0.0049410584577733,0.0041619706671836,0.0088395317352718,0.0067853151864007,0.0120821309356755,0.006445166852939,-0.0010555069949823
2019-01-18,0.0165272477005544,0.0202972169492559,0.0172148041459427,0.0190191015307952,0.0152245847995899,0.0119623151395769,0.0036879449895521,0.0011305585652441,0.0119078042792599,0.0138585827228028,-0.0221103928184545,-0.0056338858242146,-0.0154120080320305
2019-01-22,-0.0138292714770753,-0.0217731029502719,-0.0115387519251404,-0.0206585134262827,-0.0168326078138617,-0.0091516419839396,-0.0018375144098033,0.0018817345507371,-0.0068832593718644,-0.0149799209599204,-0.0166531803248592,-0.0145611115894466,-0.0147590311895184
2019-01-23,-0.0068218325624074,-0.010248077709524,0.0011673615366105,0.0014546646161679,0.003424221933421,0.0119301750305751,0.0006136323615744,0.0101426424864854,0.0011180283577434,0.0019961372741559,-0.015558289194282,-0.0053970551222445,-0.0093868300246848
2019-01-24,-0.0053425687241285,0.0053390132074013,0.0023318345698921,0.005084358718749,0.0083760839851774,-0.0123598785742348,0.0039855287391388,0.005206530975796,-0.0083740633535783,0.0041735960429123,0.0029603466725653,0.0043910436084884,0.0034945401987942
2019-01-25,0.0189910735594871,0.0127129821486784,0.0081430145852909,0.0127189240598921,0.0141515155599283,-0.0040432158494815,0.0116029375426474,-0.0136885559582033,0.0012385665406469,0.0110523105769051,-0.0078090232599704,-0.0003053736335224,-0.0013633522945869
2019-01-28,-0.0015062072110315,-0.0100111934137415,-0.003077345940662,-0.0095621208995947,-0.0133475015217165,0.0042529945573788,0.0099605232280213,-0.0046885416645211,-0.0113586893528845,-0.0057927283143737,-0.091799160507297,-0.0359232890105631,-0.0703167203377541
2019-01-29,0.0103698248511288,0.0030499231276828,-0.003472113083622,0.0138325916009611,-0.0107608301165694,0.0023099519883116,0.007770879233681,0.0028263248473168,0.0048915772630615,-0.0064840270310618,-0.0134375438373987,-0.0064353306532939,-0.0179913805998811
2019-01-30,0.0106360843396156,0.0140821469177525,0.0058073489053633,0.0156340886996066,0.0310798781398768,0.0067214420567016,0.0083035256389891,0.0077039279989949,0.0136970984833362,0.0196744295201782,0.0367309850821853,0.0110392709675732,0.1067247745306327
2019-01-31,-0.0149557650011977,0.0064700140010716,-0.0015396519642498,0.0043380628706368,-0.0010549140739474,0.0185045813624631,0.0097059896015772,0.0210702958394486,0.0125068279789013,0.00909077458436,-0.0323279984097816,-0.0081432693250416,-0.0325312634644072
2019-02-01,0.0029991064900654,0.0174036727299995,0.0042404482542897,0.0015328227442792,0.0058840898448111,-0.0031841633216084,-0.0061171046894402,-0.0038351399566196,0.0008819851858037,-0.0146164408912002,0.0079220910087645,0.008720183739189,-0.0048994134622797
2019-02-04,-0.0016819730812174,0.0023115646193059,0.0042226248668859,0.0129381442152041,0.0160489979573486,0.0063885857867918,0.005861538627728,0.0016499712184083,-0.0028645517057238,0.0065303305356079,-0.02122658341927,-0.0082545043531627,-0.0269645433738986
2019-02-05,0.007300803057026,0.0015373858696885,-0.002675811044172,0.008652604440642,0.008414858765976,0.0001867579882559,0.0067014984569879,0.0020133188917064,-0.00143666939645,0.0093614625689331,0.0010301942667509,0.0020824077305636,-0.0031944888564678
2019-02-06,-0.0059468559968998,-0.007368464576042,-0.0011500754163263,0.0002722221534503,0.0033668190759146,0.0001867231162222,-0.0078142850980253,-0.0005480368920682,0.0045373455071611,-0.0041324667673954,-0.0325364237173665,-0.0151714301812906,-0.0284455563528585
2019-02-07,-0.0138344406760201,-0.0221158713043506,-0.0099765264476049,-0.0068064518457769,-0.0137145165073874,-0.0007466701667607,0.0084594552822037,0.0131578397195644,-0.0110170714555242,-0.0082065308785543,-0.0072825194233211,-0.0041877899501193,0.0030647310520905
2019-02-08,-0.0009478200585812,-0.0045864583830954,-0.0050390689881183,0.0015077067489606,0.0057690141356554,0.0046696158861141,0.0,0.0043291515435803,0.001894028323357,-0.0039977676010368,0.1196559623425925,0.0786323931883947,0.0688058018149271
2019-02-11,0.0015181298723279,0.004766443012607,0.003116657833887,0.0053373432239667,-0.0004411243849616,0.0026025236332685,0.0028924528882747,-0.0003591459263319,-0.0012232859310424,0.0017737327837612,0.0240976036869149,-0.0050042838694006,-0.0286894313880992
2019-02-12,0.022356908375857,0.0126501120143265,0.0147570906348974,0.0155186277045358,0.0132431366211642,0.0077876335537128,-0.0069220119368311,0.002335698299799,0.0136927257447163,0.0153744060589695,0.000431327787068,0.001397285808619,0.0080894425072222
2019-02-13,0.0012971765407916,0.0124924001787953,0.0026788832800692,0.0058982457819056,0.0013066530004819,0.0018402708910119,0.0066797518087189,-0.0028681582270569,0.0021961198095199,0.0067908390093684,-0.0151613449233618,-0.005873228423961,-0.0029686117160361
2019-02-14,-0.0051825398469614,0.0035468476287241,-0.0122136280635783,-0.0046639388470647,0.0017407503532329,-0.0112030099955936,0.0037507516091763,-0.0016177739785411,0.0023012922804375,-0.0036456213188411,-0.0140571318091223,-0.0041821041273146,-0.0078052300682942
2019-02-15,0.0135814553802562,0.0161367390807849,0.0212518940969779,0.0133884954915428,0.0079630451290666,0.0094722370470448,0.0060365562356128,0.0030607651987146,0.0150868600745535,0.0068608733530681,0.0014800999745203,0.0010865526937218,-0.0004968221839545
2019-02-19,0.0062409530583975,0.0030244726226715,0.0015135187964923,-0.0003965841272708,0.0002869655469674,0.0051520723142812,0.00114277989255,0.0059234568529964,-0.0023693508859331,0.0040889126614664,0.1368965213497652,0.0901134332166329,0.0729356372005634
2019-02-20,0.0171467669623737,0.0042223137015948,0.0064222694469171,0.0047583387190857,0.0011489243966464,-0.0018305944714341,-0.0062786737111231,0.0044612206796041,-0.0011876706777043,0.0019907910877927,0.030178902386386,0.0133581991648696,0.0281436113216206
2019-02-21,-0.0039451158722517,-0.0154654784270498,-0.0052550359624163,-0.0040779582304929,0.0004304101196879,0.002934159872225,0.0017232630589374,0.0072836824279667,-0.0087548002993622,-0.0019868357129625,-0.0542995684708068,-0.0114261107294547,-0.034814320549914
2019-02-22,0.0043212721691832,0.0028976683370942,-0.0015097625799496,0.0066043951621062,0.0127598281971468,-0.0047539997332415,0.0057338221073419,0.0061728778664242,0.0091591749174069,0.0054293904794104,0.0265516299273791,0.0130012420298555,0.0019079400601276
2019-02-25,0.0064537880252784,0.0016725932414463,0.0041574379501738,0.0039364612584018,0.004812888815878,-0.005511555015466,-0.0082669348151809,-0.0064855286388435,0.0014047830622416,-0.0033301310193734,-0.0459242114090737,-0.0306652118895541,0.0205215924815016
2019-02-26,-0.0056998889632018,-0.003187890982092,-0.0030110070403305,-0.0027450154590028,0.0021133937695385,0.0005540460205142,-0.0020117881262586,-0.0012349949964819,-0.0035606362103348,0.0013546013455232,-0.0167790732796048,-0.0072986339379875,-0.0274968642740982
2019-02-27,-0.0016124444725815,0.0038074023913228,0.0037751055497425,0.0039320398417872,-0.0009841931920487,-0.0014772664021779,-0.0031681712345098,0.0012365220950825,-0.0046563090892774,-0.0007215687527968,-0.0007851635995491,-0.0008589100836423,-0.0199419414546948
2019-02-28,-0.0122017860420303,-0.0100136371836979,-0.0026325389046386,-0.003394325625587,-0.0028144585849225,0.0048078699192224,0.0028894426121965,0.0058221654031052,-0.0029371935751522,-0.0054145466380368,-0.0033972719544609,0.0009706546704713,0.0062981541950795
2019-03-01,-0.0012716482276506,0.0183907996314496,0.0064103220529478,0.0009168591262216,0.0067739474255523,-0.0018402823792553,-0.0011527922227074,0.0021047646567777,0.0141844922179266,0.0080754015024018,0.003617565077038,0.0012447748305945,0.0070903457471687
2019-03-04,0.0045471940456984,0.0018058382912569,-0.0063694915607301,-0.0044496613537916,-0.0037847080137668,-0.001659094916207,0.0040382998636647,0.0017505536010622,-0.0135556142699995,-0.003150108019862,-0.0618545040816472,-0.0253982340909572,-0.0383818354906405
2019-03-05,-0.0047074607775017,-0.0033048617563342,-0.0037706733309524,-0.0064413474975846,-0.0029548450140896,-0.0007390564264744,0.0028727092030127,-0.0012230462663466,-0.0005453263658553,0.0025280645936978,0.064282592116573,0.0358409739566951,0.0372756374819751
2019-03-06,0.0021830403797324,-0.0126603004883704,-0.0064346657072914,-0.0093941017644053,-0.0052213185607185,-0.0014782214639299,-0.0025781643187627,0.0,-0.0146225004172741,-0.00468337621277,-0.0085393218906139,0.001942222438324,0.0016555223515759
2019-03-07,-0.0081685107212481,-0.0059528822945728,-0.010285633569172,-0.0060104299662753,-0.0095052353774708,-0.0064779434464705,-0.0008616976866807,0.0033238650532723,-0.0078626847226384,-0.0121255950013219,0.0023574463200985,0.0019318286070102,-0.007144431717287
2019-03-08,0.0016469528899105,-0.0187348113388056,-0.000384954145023,-0.0020157420393119,-0.0001429561480859,0.000558773391502,0.000862440849966,0.0034873570738944,-0.0021208702592553,-0.0069616124766831,-0.006520125624453,-0.0026467658337827,-0.0148649935796891
2019-03-11,0.0142517941295372,0.0156495536160965,0.0103967765027763,0.0084826271787712,0.0214866279874124,0.0130330790802251,0.0155087721155291,0.0071242929021217,0.0114093192325337,0.0137438963695428,0.1164682388956848,0.0010498756652075,0.0031539310777253
2019-03-12,0.0037834085521102,0.0064713838332843,0.0022863496467182,-0.0082776509381109,0.0058898010411392,0.0003675992699585,0.0053727921809167,0.0069011505128218,0.0072993583669802,0.0028209464251069,-0.0049545665209863,0.0010060759032475,-0.0027775518320335
2019-03-13,0.0048456300161825,0.0101041622511071,0.0068440529809188,0.0087509679258854,0.0065523005891678,0.0056953278947002,0.0047820155056843,0.00102819527383,0.0107598168629861,0.0035385933848264,-0.0170263620276135,-0.000623910810357,0.0125628589693655
2019-03-14,-0.0075016386089277,0.0010608840145669,0.0037764505983493,-0.0033366279084137,0.0020776826948134,-0.0009134174798842,0.0025198302898523,-0.0001709940377673,-0.0016294954952171,-0.0029836477313133,0.0314445202811244,0.0045183344942361,-0.0036390186139982
2019-03-15,0.0012471690766897,-0.0003969525810111,0.0069956072709391,-0.0035285958285132,0.0121055135297309,0.0056624885058838,-0.0041005383243115,0.0036217294049736,0.0045978623436924,0.0064151373162715,0.0420767483437154,0.0093115583366554,0.0067006779432146
2019-03-18,0.0023465516836043,0.0138911562685883,0.0101391367065797,0.0097309019765405,0.0042468026568405,0.0014627852687569,-0.0050763709948085,-0.0037806271429076,-0.0015219006718797,0.0096745306510148,0.007488520314985,0.0180756873874654,0.0075797026143487
2019-03-19,-0.0012604633608193,-0.0027101000637288,-0.007806656050789,-0.003613277377236,0.0020463917616342,-0.0007302840240616,-0.0028340689720184,-0.0113853937203797,0.0079476293134721,0.0050146758023668,0.0424561396772642,0.0095927566196347,0.0057995484024391
2019-03-20,-0.0009017092283022,0.008756048802154,-0.0206070872897121,-0.0068517161839513,-0.0027228770660348,-0.0042017986182545,0.0045479969808497,0.0026174543401877,-0.0069130138007669,0.0014258505495743,0.0246606234524291,0.0040003370194585,0.0010304021368592
2019-03-21,0.0106480147806935,0.0070339372727958,-0.0030604572772275,0.0096036295271306,0.0251193920568224,0.0117411268805416,0.01782658959088,0.010616241456528,0.0039156790173431,0.0137021194587667,-0.018388933417805,-0.0142262387677489,-0.0215637673283518
2019-03-22,-0.0298215351776759,-0.0270470940152162,-0.0276285902264186,-0.0226417806634755,-0.0235716876044966,-0.0012693429889015,-0.0047261903063844,0.0072326239422748,-0.0182015629777712,-0.0198366851556891,0.0975802796516895,-0.0013299101079167,-0.0037638156593755
2019-03-25,-0.0018405347257586,0.0004582374475672,-0.0043408878590396,0.0023301342460209,-0.0043642617757834,0.0019970223035428,0.0008384532511289,0.0008548050653043,-0.0005519382495149,0.0059102203800267,0.016585761270492,-0.0151337438859703,-0.0240288949786681
2019-03-26,0.0060854287675216,0.0143511489735026,0.0118906376038305,0.0067012753094872,0.0054796535540175,0.0085161328725704,0.0061398410389363,0.0071746334682094,0.0068458888341305,0.0042731716702104,0.0566708635219637,0.0055538385178051,0.0033053029813694
2019-03-27,-0.0012831070820716,-0.0070740912797758,-0.0043088315379868,0.0010868561693271,-0.0057221978705515,-0.0034136886766064,-0.0033286481927009,-0.0069540344516845,-0.0083343176460692,-0.0020388594513484,0.0837742370098206,0.0255917900817936,0.0242739554997182
2019-03-28,0.009726416185569,0.0037897789168173,0.0086546210468956,0.0073280587725736,0.0041103973740752,0.0048674635688494,0.0083496039837998,-0.0117847198414687,0.0025434900650944,0.006040008773954,-0.0261409077396655,-0.004394101700994,-0.0103019804501578
2019-03-29,0.0087241919895018,-0.0015102335464803,0.002730318617935,0.0107772179860758,0.0098253616873944,0.0066380735296005,-0.0002760197272551,0.0053577804358073,0.0120228192806686,0.0052093046333558,0.0829586142382505,0.0071925689607101,-0.0042587273988506
2019-04-01,0.0149548462390023,0.0131578698859979,0.0245040552398372,0.0206585633051739,0.013648840696447,-0.0033863111219675,-0.0030370552869778,-0.0068764504237839,0.0015257904354564,0.0109794311159072,0.0146024643173965,0.0145932475372823,0.0156464389676613
2019-04-02,0.0033729829779358,-0.0068668062830036,-0.000759324931785,-0.0003918051627789,0.0034661442482608,-0.0082257955370159,0.0085846666714872,0.0013847969548936,-0.0022855181886837,-0.000173813297038,0.1816259592120612,0.1735601357404375,0.1239084288541465
2019-04-03,0.0130927632928457,-0.0096196793935736,0.003039365281009,-0.0030043609645836,0.0081041495829541,-0.0048685790190279,-0.0010982564369348,-0.0015555458889572,-0.0013086233644264,0.0070385694715862,0.0614973847083129,0.0190873715102777,-0.0263585552708335
2019-04-04,0.0101291080564973,0.0083473184349451,0.0060607945855783,0.0061579849832633,-0.0042171283259186,0.0038051095837154,-0.0030235730279707,-0.0034625910797897,-0.0020752284028349,0.0081112514198378,-0.0369586507273969,-0.010099119772122,-0.02840448794776
2019-04-05,-0.0003457389866297,0.0176098951268899,0.0015059905598637,0.0028650537555887,0.0047647607765599,0.0034293908688634,0.0077197145518668,0.0093812434002498,0.0068951174293725,0.005905907061485,0.0441340940765204,0.0231336538816324,0.0880867522878547
2019-04-08,0.0003458585634188,0.0044373324317801,0.0011276545050233,-0.0042853573498535,0.0038195387990394,0.0041377108193527,-0.0049244821247353,-0.0070568134385143,-0.0002175729915019,0.0035741647206217,-0.0462258453958324,0.0502493280981719,-0.0098645035203185
2019-04-09,-0.0072612570044814,-0.0122224584980941,-0.008261296878288,-0.0135627951488676,-0.0047239102844676,-0.0012541863561928,-0.003024844648523,0.0024269916366264,-0.0026091658078348,-0.0089877561655835,-0.0374673214507443,-0.0160333027767421,-0.0244867490414996
2019-04-10,-0.0005225133262837,0.0037272921424387,0.0030291691353903,-0.000264228242746,0.0069874277663524,0.0028699947654833,0.007997889683535,-0.0031128741471523,0.0003271017107235,0.0047910745193315,0.0742098220548888,0.0229767944948078,0.0152520053941673
2019-04-11,-0.0005227120817773,0.0007423340984187,0.0060400419620925,0.008595664116987,-0.0013090017715416,0.0019673760387641,-0.0013677028119968,0.0050304569367829,-0.0123133618092784,0.0012772153369746,-0.073129296771349,-0.0488424146618855,-0.067104113250035
2019-04-12,0.0132496596313893,0.0026714138039627,0.0183865429007625,0.013242411842443,0.0069479318764575,0.003213300844316,0.0054793707342726,0.0046600162204093,-0.0091570821664532,0.0062082075543317,0.0009354215986872,0.0049464566912431,-0.0140127210745922
2019-04-15,-0.0046456875264868,-0.0059205271484295,-0.0062638936118741,-0.0055645721481797,-0.0003904706302894,0.0058718289000834,-0.0059945430622885,-0.0001718302086559,0.0040082655426922,0.002028386142842,-0.0138503870752688,-0.0044072093340967,-0.0166480447437549
2019-04-16,0.0044944941560798,0.0065513971625734,0.0140899300339083,0.0061162815543485,0.0050794639258047,0.0001769191786324,-0.0235747092834893,-0.0123710134901309,-0.0205166609558192,0.0043859741188725,0.0179328271895715,0.0332440434720013,0.0196470986909147
2019-04-17,-0.0061951936085267,-0.0013313229620144,0.0025592994609062,0.0012930846921763,0.0055720963766143,0.0049522359760902,-0.0103873063395961,-0.0038274836464253,-0.0287590819127456,0.0019315059017788,-0.0084623043292213,0.0031283032403301,0.0251667317266341
2019-04-18,0.0012120831199753,-0.0047399442018276,-0.0029175911433965,0.0114957104186665,0.0028349222590253,0.0008799256271285,0.0079432233508738,0.0005240431155957,0.0016319803658133,-0.0003354274051659,-0.0156366760047791,0.0088439265676574,0.0048054648503212
2019-04-19,0.0,0.0,0.0,0.0,0.0,0.0,0.0,0.0,0.0,0.0,-0.0278202986518799,0.0010242285247921,-0.0153175611901832
2019-04-22,-0.006744869746179,0.0211340697848951,-0.0029261283896705,-0.0030646622902469,0.0023131411615002,0.0003514900008196,-0.0109767263514988,-0.0008727098699942,0.0005818377644317,-0.00377285567252,-0.0183647914976032,0.0180158582859029,-0.0240071122872735
2019-04-23,0.004526990703322,-0.001603235097052,0.0062363197354973,0.008710349417409,0.010897436360501,-0.0031638508060743,0.0113830685418632,0.0027951585184919,0.015819923940967,0.0119508676642072,-0.045053769918538,0.0320402608090144,-0.008372019079949
2019-04-24,-0.0062400752403465,-0.0175182078287027,-0.0010938431823043,-0.0029207478525882,0.0003802662925731,0.002115980260402,0.0070344017945334,0.0064459305093003,-0.0011451747790491,0.0009147734408441,-0.0252133429016634,-0.0192908500185503,-0.0588502658366874
2019-04-25,-0.0127333335269947,-0.0031204402194326,0.0018247577251908,-0.0201222543507865,-0.0002533804813555,-0.0063346147235873,-0.0011176525814324,0.0041543908646803,0.0103172362525736,-0.0052346779906584,-0.0468167626932937,-0.046542960371771,-0.0427827618965847
2019-04-26,0.0083040351517822,-0.0129674827528467,0.0091076352738943,0.0075383689928281,-0.0038039160727524,0.0090314489938787,0.0067133546892799,0.0015514120880317,0.0099853213825882,0.0079351125141204,-0.000360994437996,0.0132103086306838,0.0315082744634565
2019-04-29,-0.001927706552227,-0.0009062457333507,0.010108308905496,0.0023220009781619,0.0002541050777775,0.0012284211649558,-0.0102807713852912,-0.0058517246709127,-0.0017974524334777,-0.0034805974836072,-0.0662823853870064,-0.0060605219797624,-0.0141138261383085
2019-04-30,0.0086026330808948,-0.0007556884639765,0.0014295607710459,0.003989647747894,0.001654643789088,0.0115687649615281,0.011510486043526,0.0164471896665523,0.0046146018743129,-0.0014967230517581,0.08842502258887,0.0197002245738131,0.0516057196674326
2019-05-01,-0.0181026273171169,-0.0199668043509617,-0.0082084110929719,-0.0065376250319714,-0.0025411175169698,-0.0123028912999633,0.0,-0.010219765460131,-0.0017926056075152,-0.0121595549274738,-0.0189349776734643,0.009712831055362,-0.0154454454329138
2019-05-02,-0.0051410947154006,-0.0174410469084373,0.0010794436042391,-0.0005164213791107,-0.0052221109348443,-0.0003507658322783,0.0019427364447248,-0.0022369332635345,0.0042647664232973,0.0007588103834985,-0.0063029923019802,0.0189880018697257,-0.0047818342528944
2019-05-03,0.0098004027206279,0.0092680794087562,0.0089863521149002,0.0121354738761274,0.0094747867915307,0.0075465138977348,0.006925471302521,0.0055189675239084,0.0075995394468322,0.0117945416411435,0.0186499716769519,0.0477733526767298,0.0164326096126472
2019-05-06,-0.0142931408401427,0.0009340327513209,-0.00676881290694,-0.0095662484402043,-0.0077369770840295,-0.0015675579721871,-0.004126753824692,-0.0054886757009655,0.005102028483521,-0.0060783247748685,-0.044060791482077,-0.0037242273789966,-0.0189246712551103
2019-05-07,-0.0175439951050466,-0.0087078988122115,-0.0164991845984923,-0.0202191208650497,-0.0214754109662124,-0.0099442501104082,-0.0171268393922304,-0.0031047423980425,-0.0192010131910189,-0.0151632468141503,-0.0410902080316313,0.0143896139338921,-0.0089454571043331
2019-05-08,-0.0009108500636996,0.0,-0.0021880963708991,0.0,-0.0011753907375046,-0.0001762333083131,0.0,-0.0136677335144822,0.0021377085296145,0.0003403523726022,0.008901347634129,0.0262382736516904,0.0034603170372782
2019-05-09,-0.0078425859762734,0.0,-0.0021931279140843,-0.0014457306995996,-0.0068010330933709,-0.0021149390008541,0.0033726824757629,-0.0012278902469612,-0.002133148479914,-0.0040816100835634,-0.0451196831467949,0.0321057505942055,-0.0140063120619527
2019-05-10,0.0136031529454541,0.0047058517483533,0.0065932993749124,0.0039490712367458,0.0031605059395825,0.0121865368503808,0.0114844963053171,0.0179132910556796,0.0003373443071614,0.0014515889233421,0.0281564333252086,0.0330908347557834,0.0130788523408587
2019-05-13,-0.0224882307008004,-0.0171739975758172,-0.0291119036846618,-0.0284515923935222,-0.0376740821545411,-0.0094225295195623,0.0,0.0106973899161713,-0.0187828079736498,-0.0297554048188031,0.1520464429080521,0.225129312624738,0.0835189692950364
2019-05-14,0.0085343020362711,0.0122317017441246,0.0078711086423188,0.0103913192765914,0.0160961561857262,0.0047562346146698,0.0035999908152819,-0.0066576548724751,0.0050434493192481,0.0101054715561041,0.156462087708276,0.0229690247002396,0.2568153896909375
2019-05-15,-0.0025755774114309,0.0051790473801385,-0.0037190486084066,0.0013356225674605,0.0108738688271765,0.0078890945543332,0.0066225835261914,-0.0017185804257154,0.0029654169800354,0.0067856085037725,0.1117803991493973,0.0263623950408744,0.1147576873784728
2019-05-16,0.0140169773210949,0.0054643155224587,0.0100785022658385,0.0092038158928702,0.0091633759997604,0.007827343898211,0.0057563777810261,0.006713736350395,0.0078458580983729,0.0092454760605087,-0.0616278968333592,-0.0390313507635955,-0.0796000180119076
2019-05-17,-0.0060020271608486,-0.0100929747546872,-0.0066518548907203,-0.0111022824806059,-0.0080274681501253,-0.0032791280390976,-0.0013627336878517,0.0051300967748753,-0.0021431717409645,-0.0076197099466568,-0.0555914680663505,-0.0686138114651615,-0.0798509269667111
2019-05-20,-0.0142726060807135,0.0004705224907397,0.0011160663934846,-0.0025396916306064,-0.0173787075220311,-0.0024243901540154,-0.0161024380766342,0.0013610023072587,-0.0004523776125683,-0.0070746052810199,0.0190728062934952,0.0863865197351807,0.0305805762663498
