Date,Adj Close,Close,High,Low,Open,Volume
2023-04-24,0.0004020000051241368,0.0004020000051241368,0.00044100001105107367,0.0003659999929368496,0.00044100001105107367,28356
2023-04-25,0.0018230000277981162,0.0018230000277981162,0.003926999866962433,0.0003929999948013574,0.00039599998854100704,1164877
2023-04-26,0.0022070000413805246,0.0022070000413805246,0.003143999958410859,0.0017099999822676182,0.0018149999668821692,897855
2023-04-27,0.0015140000032261014,0.0015140000032261014,0.002440999960526824,0.0008699999889358878,0.0021979999728500843,437854
2023-04-28,0.0013760000001639128,0.0013760000001639128,0.00152299995534122,0.0011419999646022916,0.001512999995611608,195563
2023-04-29,0.0013379999436438084,0.0013379999436438084,0.0014009999576956034,0.001158999977633357,0.0013749999925494194,96844
2023-04-30,0.0011940000113099813,0.0011940000113099813,0.0013940000208094716,0.0011889999732375145,0.0013379999436438084,151876
2023-05-01,0.0009319999953731894,0.0009319999953731894,0.0012150000547990203,0.0008629999938420951,0.001193000003695488,127367
2023-05-02,0.0009360000258311629,0.0009360000258311629,0.001108999946154654,0.000901999999769032,0.0009330000029876828,106529
2023-05-03,0.0008190000080503523,0.0008190000080503523,0.0009399999980814755,0.000805000017862767,0.0009360000258311629,69411
2023-05-04,0.0006380000268109143,0.0006380000268109143,0.000826000003144145,0.0006280000088736415,0.0008159999852068722,121003
2023-05-05,0.0005970000056549907,0.0005970000056549907,0.0006769999745301902,0.0005230000242590904,0.0006380000268109143,141298
2023-05-06,0.0005760000203736126,0.0005760000203736126,0.0006150000263005495,0.0005239999736659229,0.0005970000056549907,41326
2023-05-07,0.0005280000041238964,0.0005280000041238964,0.0005890000029467046,0.0005109999910928309,0.0005760000203736126,93101
2023-05-08,0.00046800001291558146,0.00046800001291558146,0.0005280000041238964,0.0004419999895617366,0.0005280000041238964,30764
2023-05-09,0.0006380000268109143,0.0006380000268109143,0.0006649999995715916,0.000455000001238659,0.00046800001291558146,157167
2023-05-10,0.000610999995842576,0.000610999995842576,0.0006500000017695129,0.0005600000149570405,0.0006350000039674342,106819
2023-05-11,0.0005729999975301325,0.0005729999975301325,0.0006539999740198255,0.0005610000225715339,0.0006099999882280827,76115
2023-05-12,0.0005360000068321824,0.0005360000068321824,0.0005990000208839774,0.0004900000058114529,0.0005729999975301325,62859
2023-05-13,0.0005119999987073243,0.0005119999987073243,0.0005510000046342611,0.0004970000009052455,0.0005360000068321824,47722
2023-05-14,0.000493000028654933,0.000493000028654933,0.0005119999987073243,0.0004799999878741801,0.0005119999987073243,50938
2023-05-15,0.00047599998652003706,0.00047599998652003706,0.0005089999758638442,0.00046499999007210135,0.000493000028654933,55972
2023-05-16,0.000446999998530373,0.000446999998530373,0.00048099999548867345,0.0004400000034365803,0.0004769999941345304,49619
2023-05-17,0.00038300000596791506,0.00038300000596791506,0.0004490000137593597,0.0003699999942909926,0.0004490000137593597,75435
2023-05-18,0.0003870000073220581,0.0003870000073220581,0.00039999998989515007,0.00037900000461377203,0.00038400001358240843,36551
2023-05-19,0.0003769999893847853,0.0003769999893847853,0.0003910000086762011,0.000375000003259629,0.0003870000073220581,22796
2023-05-20,0.00037799999699927866,0.00037799999699927866,0.00039000000106170774,0.00036800000816583633,0.0003769999893847853,35749
2023-05-21,0.00032699998700991273,0.00032699998700991273,0.00037900000461377203,0.0003239999932702631,0.0003760000108741224,39994
2023-05-22,0.0003229999856557697,0.0003229999856557697,0.0003490000090096146,0.00031599999056197703,0.00032699998700991273,28988
2023-05-23,0.0003129999968223274,0.0003129999968223274,0.00033099998836405575,0.0003009999927598983,0.0003220000071451068,47050
2023-05-24,0.00028700000257231295,0.00028700000257231295,0.00031599999056197703,0.0002789999998640269,0.0003129999968223274,38262
2023-05-25,0.0002899999963119626,0.0002899999963119626,0.000307999987853691,0.00028700000257231295,0.00028700000257231295,25983
2023-05-26,0.00026699999580159783,0.00026699999580159783,0.000291000003926456,0.00026599998818710446,0.0002899999963119626,39434
2023-05-27,0.0002800000074785203,0.0002800000074785203,0.00028300000121816993,0.0002479999966453761,0.00026699999580159783,49318
2023-05-28,0.000291000003926456,0.000291000003926456,0.00029399999766610563,0.0002690000110305846,0.0002800000074785203,52272
2023-05-29,0.0002770000137388706,0.0002770000137388706,0.00029399999766610563,0.00027600000612437725,0.000291000003926456,26115
2023-05-30,0.0002840000088326633,0.0002840000088326633,0.0002859999949578196,0.0002749999985098839,0.0002770000137388706,36008
2023-05-31,0.00027600000612437725,0.00027600000612437725,0.0002849999873433262,0.0002699999895412475,0.0002849999873433262,24836
2023-06-01,0.0002880000101868063,0.0002880000101868063,0.0002899999963119626,0.00027099999715574086,0.00027600000612437725,36281
2023-06-02,0.00030300000798888505,0.00030300000798888505,0.00030499999411404133,0.00028300000121816993,0.0002859999949578196,36497
2023-06-03,0.0003260000084992498,0.0003260000084992498,0.00035600000410340726,0.000299000006634742,0.00030300000798888505,110635
2023-06-04,0.00032500000088475645,0.00032500000088475645,0.0003549999964889139,0.0003229999856557697,0.0003260000084992498,54754
2023-06-05,0.00029600001289509237,0.00029600001289509237,0.00032699998700991273,0.00028199999360367656,0.00032500000088475645,45547
2023-06-06,0.000307999987853691,0.000307999987853691,0.0003110000106971711,0.000291000003926456,0.0002969999914057553,28637
2023-06-07,0.0002969999914057553,0.0002969999914057553,0.0003129999968223274,0.0002969999914057553,0.00030899999546818435,36445
2023-06-08,0.0003020000003743917,0.0003020000003743917,0.00030899999546818435,0.000295000005280599,0.0002969999914057553,38068
2023-06-09,0.00029799999902024865,0.00029799999902024865,0.000307999987853691,0.00029299999005161226,0.0003020000003743917,42839
2023-06-10,0.0002749999985098839,0.0002749999985098839,0.0003009999927598983,0.0002579999854788184,0.000299000006634742,50028
2023-06-11,0.00028700000257231295,0.00028700000257231295,0.000299000006634742,0.0002730000123847276,0.0002749999985098839,34390
2023-06-12,0.0002749999985098839,0.0002749999985098839,0.00028899998869746923,0.0002739999908953905,0.0002859999949578196,19176
2023-06-13,0.00027799999224953353,0.00027799999224953353,0.00028199999360367656,0.00020900000527035445,0.0002749999985098839,90289
2023-06-14,0.0002730000123847276,0.0002730000123847276,0.0002840000088326633,0.0002690000110305846,0.00027799999224953353,21615
2023-06-15,0.0002770000137388706,0.0002770000137388706,0.0002809999859891832,0.00026599998818710446,0.0002730000123847276,27506
2023-06-16,0.0002800000074785203,0.0002800000074785203,0.00028300000121816993,0.0002610000083222985,0.0002770000137388706,47294
2023-06-17,0.0002809999859891832,0.0002809999859891832,0.0002899999963119626,0.0002699999895412475,0.0002800000074785203,30213
2023-06-18,0.0002749999985098839,0.0002749999985098839,0.00028700000257231295,0.0002680000034160912,0.0002800000074785203,37147
2023-06-19,0.0002789999998640269,0.0002789999998640269,0.0002800000074785203,0.0002690000110305846,0.0002749999985098839,30618
2023-06-20,0.00029200001154094934,0.00029200001154094934,0.00029299999005161226,0.0002690000110305846,0.0002789999998640269,17335
2023-06-21,0.00029799999902024865,0.00029799999902024865,0.00030399998649954796,0.0002899999963119626,0.00029200001154094934,30888
2023-06-22,0.00029299999005161226,0.00029299999005161226,0.00031800000579096377,0.00029299999005161226,0.00029799999902024865,40175
2023-06-23,0.0002969999914057553,0.0002969999914057553,0.0003000000142492354,0.0002859999949578196,0.00029299999005161226,15679
2023-06-24,0.0002880000101868063,0.0002880000101868063,0.0003000000142492354,0.0002859999949578196,0.0002969999914057553,16726
2023-06-25,0.0003000000142492354,0.0003000000142492354,0.00030300000798888505,0.00028700000257231295,0.0002880000101868063,22429
2023-06-26,0.0002899999963119626,0.0002899999963119626,0.0003100000030826777,0.0002880000101868063,0.0003000000142492354,9833
2023-06-27,0.00028899998869746923,0.00028899998869746923,0.000299000006634742,0.0002880000101868063,0.0002899999963119626,10438
2023-06-28,0.00032900000223889947,0.00032900000223889947,0.0003389999910723418,0.0002809999859891832,0.0002880000101868063,30752
2023-06-29,0.00033000000985339284,0.00033000000985339284,0.00033599999733269215,0.0003129999968223274,0.00032900000223889947,40213
2023-06-30,0.0003319999959785491,0.0003319999959785491,0.0003480000013951212,0.0003229999856557697,0.0003319999959785491,23782
2023-07-01,0.00033999999868683517,0.00033999999868683517,0.0003490000090096146,0.0003229999856557697,0.0003330000035930425,17284
2023-07-02,0.0003319999959785491,0.0003319999959785491,0.00034699999378062785,0.00033099998836405575,0.00034100000630132854,21858
2023-07-03,0.00034100000630132854,0.00034100000630132854,0.0003420000139158219,0.0003239999932702631,0.0003319999959785491,17117
2023-07-04,0.00033000000985339284,0.00033000000985339284,0.00034699999378062785,0.0003129999968223274,0.0003420000139158219,24912
2023-07-05,0.0003260000084992498,0.0003260000084992498,0.00033999999868683517,0.0003239999932702631,0.00033000000985339284,17028
2023-07-06,0.0003330000035930425,0.0003330000035930425,0.0003440000000409782,0.0003260000084992498,0.0003260000084992498,47520
2023-07-07,0.00034500000765547156,0.00034500000765547156,0.0003480000013951212,0.00032699998700991273,0.0003330000035930425,62350
2023-07-08,0.0003389999910723418,0.0003389999910723418,0.0003530000103637576,0.00033400001120753586,0.00034500000765547156,36581
2023-07-09,0.0003370000049471855,0.0003370000049471855,0.0003440000000409782,0.00033400001120753586,0.0003389999910723418,16582
2023-07-10,0.00033400001120753586,0.00033400001120753586,0.00033999999868683517,0.00032500000088475645,0.0003370000049471855,17689
2023-07-11,0.0003600000054575503,0.0003600000054575503,0.00036800000816583633,0.00032900000223889947,0.00033400001120753586,38536
2023-07-12,0.00046999999904073775,0.00046999999904073775,0.0005009999731555581,0.0003549999964889139,0.0003600000054575503,82247
2023-07-13,0.0004140000091865659,0.0004140000091865659,0.0004670000053010881,0.000387999985832721,0.00046099998871795833,85192
2023-07-14,0.0003929999948013574,0.0003929999948013574,0.00044100001105107367,0.00038300000596791506,0.0004140000091865659,70226
2023-07-15,0.00041199999395757914,0.00041199999395757914,0.0004140000091865659,0.000391999987186864,0.0003929999948013574,29724
2023-07-16,0.0004039999912492931,0.0004039999912492931,0.00043899999582208693,0.0004030000127386302,0.0004130000015720725,58135
2023-07-17,0.00039599998854100704,0.00039599998854100704,0.00041199999395757914,0.0003929999948013574,0.0004039999912492931,26549
2023-07-18,0.00039900001138448715,0.00039900001138448715,0.00040099999750964344,0.0003910000086762011,0.00039599998854100704,31722
2023-07-19,0.0003980000037699938,0.0003980000037699938,0.0004079999926034361,0.00039400000241585076,0.00039900001138448715,17565
2023-07-20,0.00038400001358240843,0.00038400001358240843,0.0004070000140927732,0.00038400001358240843,0.0003980000037699938,21997
2023-07-21,0.00038400001358240843,0.00038400001358240843,0.00038899999344721437,0.00037900000461377203,0.00038400001358240843,15615
2023-07-22,0.0003809999907389283,0.0003809999907389283,0.00039400000241585076,0.0003800000122282654,0.00038400001358240843,17452
2023-07-23,0.00039000000106170774,0.00039000000106170774,0.00039400000241585076,0.00037799999699927866,0.0003800000122282654,19850
2023-07-24,0.00037299998803064227,0.00037299998803064227,0.0003910000086762011,0.0003699999942909926,0.00039000000106170774,13812
2023-07-25,0.0003769999893847853,0.0003769999893847853,0.00039000000106170774,0.00037200000951997936,0.00037399999564513564,22812
2023-07-26,0.0004079999926034361,0.0004079999926034361,0.00041599999531172216,0.000375000003259629,0.0003769999893847853,40607
2023-07-27,0.00039500001003034413,0.00039500001003034413,0.00041199999395757914,0.0003859999997075647,0.0004070000140927732,26211
2023-07-28,0.0004030000127386302,0.0004030000127386302,0.00042100000428035855,0.0003870000073220581,0.00039500001003034413,66049
2023-07-29,0.00041599999531172216,0.00041599999531172216,0.00047400000039488077,0.00040099999750964344,0.0004030000127386302,138570
2023-07-30,0.00039999998989515007,0.00039999998989515007,0.00042100000428035855,0.0003929999948013574,0.00041599999531172216,45976
2023-07-31,0.00044999999227002263,0.00044999999227002263,0.000455000001238659,0.00039900001138448715,0.00040099999750964344,41548
2023-08-01,0.0004710000066552311,0.0004710000066552311,0.0004769999941345304,0.0004290000069886446,0.0004490000137593597,95295
2023-08-02,0.0004710000066552311,0.0004710000066552311,0.00047900000936351717,0.000450999999884516,0.0004710000066552311,42776
2023-08-03,0.0004970000009052455,0.0004970000009052455,0.0004980000085197389,0.00046300000394694507,0.0004710000066552311,34955
2023-08-04,0.0005249999812804163,0.0005249999812804163,0.0006000000284984708,0.000493000028654933,0.0004949999856762588,139492
2023-08-05,0.0005280000041238964,0.0005280000041238964,0.0005559999844990671,0.0005080000264570117,0.000522000016644597,99689
2023-08-06,0.0005419999943114817,0.0005419999943114817,0.0005590000073425472,0.0005099999834783375,0.0005280000041238964,53740
2023-08-07,0.0005469999741762877,0.0005469999741762877,0.000577000027988106,0.0005389999714680016,0.0005419999943114817,45708
2023-08-08,0.000539999979082495,0.000539999979082495,0.0005709999823011458,0.0005370000144466758,0.0005450000171549618,36962
2023-08-09,0.0005239999736659229,0.0005239999736659229,0.0005460000247694552,0.0005159999709576368,0.000539999979082495,25288
2023-08-10,0.0005189999938011169,0.0005189999938011169,0.0005259999888949096,0.000506000011228025,0.0005230000242590904,27649
2023-08-11,0.0005029999883845448,0.0005029999883845448,0.0005249999812804163,0.0004910000134259462,0.0005200000014156103,42109
2023-08-12,0.000493000028654933,0.000493000028654933,0.0005089999758638442,0.0004900000058114529,0.0005029999883845448,22144
2023-08-13,0.0004830000107176602,0.0004830000107176602,0.0004949999856762588,0.00048099999548867345,0.000493000028654933,21657
2023-08-14,0.0004780000017490238,0.0004780000017490238,0.0004900000058114529,0.000450999999884516,0.0004830000107176602,70650
2023-08-15,0.0005050000036135316,0.0005050000036135316,0.0005280000041238964,0.0004710000066552311,0.0004780000017490238,35233
2023-08-16,0.00048499999684281647,0.00048499999684281647,0.0005189999938011169,0.0004839999892283231,0.000506000011228025,25613
2023-08-17,0.00046099998871795833,0.00046099998871795833,0.0005000000237487257,0.00043700000969693065,0.0004839999892283231,28414
2023-08-18,0.00047900000936351717,0.00047900000936351717,0.00048099999548867345,0.0004600000102072954,0.00046099998871795833,24813
2023-08-19,0.0004900000058114529,0.0004900000058114529,0.0004949999856762588,0.00047599998652003706,0.00047900000936351717,17565
2023-08-20,0.00048099999548867345,0.00048099999548867345,0.000493000028654933,0.00047900000936351717,0.0004900000058114529,9084
2023-08-21,0.0004579999949783087,0.0004579999949783087,0.0004839999892283231,0.0004569999873638153,0.00048099999548867345,13092
2023-08-22,0.00043399998685345054,0.00043399998685345054,0.00046999999904073775,0.0004239999980200082,0.0004579999949783087,14813
2023-08-23,0.0004299999854993075,0.0004299999854993075,0.00044800000614486635,0.0004239999980200082,0.00043399998685345054,16062
2023-08-24,0.0004130000015720725,0.0004130000015720725,0.0004440000047907233,0.0004090000002179295,0.0004299999854993075,12846
2023-08-25,0.0004299999854993075,0.0004299999854993075,0.00043899999582208693,0.00039999998989515007,0.0004130000015720725,19480
2023-08-26,0.0004459999909158796,0.0004459999909158796,0.000455000001238659,0.00042699999175965786,0.0004299999854993075,12900
2023-08-27,0.0004579999949783087,0.0004579999949783087,0.0004619999963324517,0.0004459999909158796,0.0004459999909158796,14958
2023-08-28,0.0004360000020824373,0.0004360000020824373,0.0004600000102072954,0.00043200000072829425,0.0004600000102072954,30705
2023-08-29,0.000446999998530373,0.000446999998530373,0.0004529999860096723,0.0004250000056345016,0.0004360000020824373,11151
2023-08-30,0.00043200000072829425,0.00043200000072829425,0.000446999998530373,0.00042799999937415123,0.000446999998530373,10145
2023-08-31,0.0004250000056345016,0.0004250000056345016,0.00043899999582208693,0.0004199999966658652,0.00043200000072829425,20764
2023-09-01,0.0004070000140927732,0.0004070000140927732,0.0004290000069886446,0.00039999998989515007,0.0004250000056345016,8781
2023-09-02,0.0004149999876972288,0.0004149999876972288,0.00041700000292621553,0.00040099999750964344,0.00040600000647827983,18775
2023-09-03,0.0004189999890513718,0.0004189999890513718,0.0004199999966658652,0.00041000000783242285,0.0004149999876972288,12697
2023-09-04,0.0004140000091865659,0.0004140000091865659,0.0004239999980200082,0.0004079999926034361,0.0004189999890513718,51899
2023-09-05,0.00041599999531172216,0.00041599999531172216,0.00042299999040551484,0.0004079999926034361,0.0004140000091865659,25034
2023-09-06,0.0004070000140927732,0.0004070000140927732,0.0004199999966658652,0.0004020000051241368,0.00041599999531172216,13608
2023-09-07,0.00042600001324899495,0.00042600001324899495,0.0004459999909158796,0.0004020000051241368,0.0004070000140927732,43015
2023-09-08,0.0004079999926034361,0.0004079999926034361,0.0004330000083427876,0.00040499999886378646,0.00042699999175965786,14514
2023-09-09,0.00040099999750964344,0.00040099999750964344,0.00041099998634308577,0.00039599998854100704,0.0004079999926034361,32003
2023-09-10,0.0003910000086762011,0.0003910000086762011,0.0004039999912492931,0.00038400001358240843,0.00040099999750964344,32243
2023-09-11,0.0003819999983534217,0.0003819999983534217,0.0003929999948013574,0.00037399999564513564,0.0003910000086762011,32389
2023-09-12,0.00039599998854100704,0.00039599998854100704,0.0004020000051241368,0.00037900000461377203,0.0003819999983534217,26415
2023-09-13,0.0003870000073220581,0.0003870000073220581,0.00040499999886378646,0.0003870000073220581,0.00039599998854100704,25861
2023-09-14,0.00039000000106170774,0.00039000000106170774,0.00040099999750964344,0.0003870000073220581,0.0003870000073220581,20799
2023-09-15,0.00039599998854100704,0.00039599998854100704,0.0003969999961555004,0.0003809999907389283,0.00039000000106170774,21838
2023-09-16,0.0003980000037699938,0.0003980000037699938,0.00040099999750964344,0.0003910000086762011,0.00039599998854100704,23962
2023-09-17,0.00038400001358240843,0.00038400001358240843,0.00039900001138448715,0.0003800000122282654,0.0003980000037699938,25043
2023-09-18,0.000391999987186864,0.000391999987186864,0.00040099999750964344,0.00037799999699927866,0.00038400001358240843,22466
2023-09-19,0.0004039999912492931,0.0004039999912492931,0.00041599999531172216,0.000391999987186864,0.000391999987186864,22756
2023-09-20,0.00039599998854100704,0.00039599998854100704,0.00040499999886378646,0.00038899999344721437,0.00040099999750964344,71701
2023-09-21,0.0004140000091865659,0.0004140000091865659,0.00043899999582208693,0.0003809999907389283,0.00039599998854100704,61499
2023-09-22,0.0004090000002179295,0.0004090000002179295,0.00041599999531172216,0.00039400000241585076,0.00041599999531172216,20463
2023-09-23,0.0004079999926034361,0.0004079999926034361,0.00043200000072829425,0.0004020000051241368,0.0004090000002179295,13718
2023-09-24,0.00040499999886378646,0.00040499999886378646,0.00042600001324899495,0.0004039999912492931,0.0004079999926034361,16861
2023-09-25,0.00040600000647827983,0.00040600000647827983,0.0004180000105407089,0.00039999998989515007,0.00040499999886378646,29563
2023-09-26,0.0004039999912492931,0.0004039999912492931,0.00041099998634308577,0.0003980000037699938,0.00040600000647827983,13180
2023-09-27,0.00039400000241585076,0.00039400000241585076,0.00040499999886378646,0.00038899999344721437,0.0004039999912492931,13638
2023-09-28,0.0003969999961555004,0.0003969999961555004,0.00040499999886378646,0.0003910000086762011,0.00039400000241585076,17730
2023-09-29,0.0004070000140927732,0.0004070000140927732,0.0004199999966658652,0.0003929999948013574,0.0003969999961555004,24127
2023-09-30,0.0004020000051241368,0.0004020000051241368,0.0004189999890513718,0.00039999998989515007,0.0004070000140927732,20773
2023-10-01,0.0004130000015720725,0.0004130000015720725,0.00042100000428035855,0.0003980000037699938,0.0004020000051241368,16505
2023-10-02,0.0004039999912492931,0.0004039999912492931,0.00042100000428035855,0.00039999998989515007,0.0004130000015720725,162380
2023-10-03,0.00039000000106170774,0.00039000000106170774,0.0004070000140927732,0.000387999985832721,0.00040499999886378646,16256
2023-10-04,0.00039000000106170774,0.00039000000106170774,0.00039400000241585076,0.00038300000596791506,0.0003910000086762011,11680
2023-10-05,0.00039000000106170774,0.00039000000106170774,0.0003929999948013574,0.0003819999983534217,0.00039000000106170774,20434
2023-10-06,0.00039999998989515007,0.00039999998989515007,0.0004090000002179295,0.00038499999209307134,0.00039000000106170774,9503
2023-10-07,0.0003980000037699938,0.0003980000037699938,0.0004090000002179295,0.00039599998854100704,0.00039900001138448715,18451
2023-10-08,0.00039900001138448715,0.00039900001138448715,0.0004039999912492931,0.00039599998854100704,0.0003980000037699938,59256
2023-10-09,0.0003980000037699938,0.0003980000037699938,0.0004070000140927732,0.00039400000241585076,0.00039900001138448715,30945
2023-10-10,0.0003969999961555004,0.0003969999961555004,0.0004020000051241368,0.0003910000086762011,0.00039999998989515007,26354
2023-10-11,0.0003980000037699938,0.0003980000037699938,0.00040099999750964344,0.0003929999948013574,0.0003969999961555004,11827
2023-10-12,0.0003929999948013574,0.0003929999948013574,0.0004020000051241368,0.00039000000106170774,0.0003980000037699938,25219
2023-10-13,0.0004140000091865659,0.0004140000091865659,0.0004199999966658652,0.0003929999948013574,0.0003929999948013574,25104
2023-10-14,0.0004039999912492931,0.0004039999912492931,0.00041599999531172216,0.00039900001138448715,0.0004140000091865659,16512
2023-10-15,0.00039900001138448715,0.00039900001138448715,0.00040600000647827983,0.0003969999961555004,0.0004039999912492931,12830
2023-10-16,0.00042100000428035855,0.00042100000428035855,0.0004250000056345016,0.0003969999961555004,0.00039900001138448715,83861
2023-10-17,0.0004079999926034361,0.0004079999926034361,0.0004239999980200082,0.00040499999886378646,0.00042100000428035855,7864
2023-10-18,0.0004020000051241368,0.0004020000051241368,0.00041000000783242285,0.00040099999750964344,0.0004079999926034361,9303
2023-10-19,0.0004039999912492931,0.0004039999912492931,0.00041700000292621553,0.0003969999961555004,0.0004020000051241368,9878
2023-10-20,0.00040600000647827983,0.00040600000647827983,0.00041199999395757914,0.00040099999750964344,0.00040499999886378646,42799
2023-10-21,0.00042299999040551484,0.00042299999040551484,0.00042699999175965786,0.00039500001003034413,0.00040600000647827983,33707
2023-10-22,0.0004090000002179295,0.0004090000002179295,0.00042299999040551484,0.00040499999886378646,0.00042299999040551484,24909
2023-10-23,0.0004180000105407089,0.0004180000105407089,0.0004220000118948519,0.0004039999912492931,0.0004140000091865659,20130
2023-10-24,0.00042100000428035855,0.00042100000428035855,0.00044999999227002263,0.00041599999531172216,0.0004180000105407089,34894
2023-10-25,0.00043399998685345054,0.00043399998685345054,0.0004490000137593597,0.0004199999966658652,0.00042100000428035855,24122
2023-10-26,0.00042600001324899495,0.00042600001324899495,0.00045399999362416565,0.00042299999040551484,0.00043200000072829425,34536
2023-10-27,0.0004199999966658652,0.0004199999966658652,0.00043399998685345054,0.00041599999531172216,0.0004250000056345016,20943
2023-10-28,0.00042299999040551484,0.00042299999040551484,0.00042799999937415123,0.00041700000292621553,0.0004199999966658652,26435
2023-10-29,0.0004239999980200082,0.0004239999980200082,0.00043200000072829425,0.0004189999890513718,0.00042299999040551484,16243
2023-10-30,0.0004349999944679439,0.0004349999944679439,0.0004400000034365803,0.0004189999890513718,0.0004239999980200082,30592
2023-10-31,0.0004220000118948519,0.0004220000118948519,0.0004440000047907233,0.0004180000105407089,0.0004349999944679439,27732
2023-11-01,0.0004149999876972288,0.0004149999876972288,0.0004299999854993075,0.00039900001138448715,0.0004220000118948519,83688
2023-11-02,0.0004239999980200082,0.0004239999980200082,0.00043799998820759356,0.0003499999875202775,0.0004149999876972288,42116
2023-11-03,0.0004670000053010881,0.0004670000053010881,0.0004670000053010881,0.0004180000105407089,0.00042299999040551484,21217
2023-11-04,0.000506000011228025,0.000506000011228025,0.0005080000264570117,0.0004619999963324517,0.0004689999914262444,54294
2023-11-05,0.0005210000090301037,0.0005210000090301037,0.0005409999866969883,0.0005050000036135316,0.000506000011228025,98449
2023-11-06,0.0005029999883845448,0.0005029999883845448,0.000534999999217689,0.00046400001156143844,0.0005210000090301037,54855
2023-11-07,0.0004839999892283231,0.0004839999892283231,0.0005119999987073243,0.0004799999878741801,0.0005029999883845448,36523
2023-11-08,0.00048099999548867345,0.00048099999548867345,0.0004970000009052455,0.0004799999878741801,0.0004830000107176602,37754
2023-11-09,0.0004939999780617654,0.0004939999780617654,0.0005249999812804163,0.0004799999878741801,0.0004820000031031668,56336
2023-11-10,0.0006140000186860561,0.0006140000186860561,0.0006150000263005495,0.0004910000134259462,0.0004920000210404396,113766
2023-11-11,0.0005879999953322113,0.0005879999953322113,0.0006290000164881349,0.0005430000019259751,0.0006179999909363687,135684
2023-11-12,0.0005549999768845737,0.0005549999768845737,0.0006019999855197966,0.0005469999741762877,0.0005859999801032245,59096
2023-11-13,0.0005489999894052744,0.0005489999894052744,0.0005970000056549907,0.000547999981790781,0.0005559999844990671,64234
2023-11-14,0.0005549999768845737,0.0005549999768845737,0.0005670000100508332,0.0005280000041238964,0.000547999981790781,65816
2023-11-15,0.000590000010561198,0.000590000010561198,0.0005949999904260039,0.0005549999768845737,0.0005559999844990671,44085
2023-11-16,0.0005520000122487545,0.0005520000122487545,0.000598000013269484,0.000547999981790781,0.000590000010561198,62621
2023-11-17,0.0005849999724887311,0.0005849999724887311,0.0005949999904260039,0.0005310000269673765,0.0005520000122487545,112507
2023-11-18,0.0005859999801032245,0.0005859999801032245,0.0006009999779053032,0.0005600000149570405,0.0005869999877177179,89873
2023-11-19,0.0005879999953322113,0.0005879999953322113,0.000598000013269484,0.00056900002527982,0.0005859999801032245,40568
2023-11-20,0.0005840000230818987,0.0005840000230818987,0.0006019999855197966,0.0005699999746866524,0.0005869999877177179,44885
2023-11-21,0.0005709999823011458,0.0005709999823011458,0.0006399999838322401,0.0005709999823011458,0.0005840000230818987,94862
2023-11-22,0.0006730000022798777,0.0006730000022798777,0.0007590000168420374,0.0005699999746866524,0.0005699999746866524,130133
2023-11-23,0.0006629999843426049,0.0006629999843426049,0.0007399999885819852,0.0006479999865405262,0.0006719999946653843,154196
2023-11-24,0.0007169999880716205,0.0007169999880716205,0.0007210000185295939,0.0006590000120922923,0.0006590000120922923,66489
2023-11-25,0.0007719999994151294,0.0007719999994151294,0.0007999999797903001,0.0007089999853633344,0.0007169999880716205,143293
2023-11-26,0.0007300000288523734,0.0007300000288523734,0.0007800000021234155,0.00072900002123788,0.000770999991800636,83362
2023-11-27,0.0007200000109151006,0.0007200000109151006,0.0007440000190399587,0.0006990000256337225,0.0007300000288523734,54824
2023-11-28,0.0007929999846965075,0.0007929999846965075,0.0008779999916441739,0.0007029999978840351,0.0007200000109151006,225841
2023-11-29,0.000830999983008951,0.000830999983008951,0.0008670000243000686,0.0007890000124461949,0.0007890000124461949,266872
2023-11-30,0.0008440000237897038,0.0008440000237897038,0.0008670000243000686,0.0008219999726861715,0.0008290000259876251,109736
2023-12-01,0.0008360000210814178,0.0008360000210814178,0.000914999982342124,0.0008350000134669244,0.0008440000237897038,131127
2023-12-02,0.0008420000085607171,0.0008420000085607171,0.0008820000221021473,0.0008079999824985862,0.0008379999781027436,128792
2023-12-03,0.0008040000102482736,0.0008040000102482736,0.0008740000193938613,0.0007900000200606883,0.0008430000161752105,99462
2023-12-04,0.000818000000435859,0.000818000000435859,0.0008909999742172658,0.0007789999945089221,0.000805000017862767,89474
2023-12-05,0.0008670000243000686,0.0008670000243000686,0.0008699999889358878,0.000775999971665442,0.0008190000080503523,93054
2023-12-06,0.0014600000577047467,0.0014600000577047467,0.0015999999595806003,0.0008679999737069011,0.0008679999737069011,1069233
2023-12-07,0.0015109999803826213,0.0015109999803826213,0.0017030000453814864,0.001382000045850873,0.0014600000577047467,1159378
2023-12-08,0.0013439999893307686,0.0013439999893307686,0.0015180000336840749,0.0012740000383928418,0.0015089999651536345,464016
2023-12-09,0.0012069999938830733,0.0012069999938830733,0.00139999995008111,0.0012069999938830733,0.0013500000350177288,345817
2023-12-10,0.0014270000392571092,0.0014270000392571092,0.0014459999511018395,0.0012110000243410468,0.0012150000547990203,346234
2023-12-11,0.0013289999915286899,0.0013289999915286899,0.0015719999792054296,0.0012420000275596976,0.0014299999456852674,552013
2023-12-12,0.0013970000436529517,0.0013970000436529517,0.001563000027090311,0.0013299999991431832,0.0013299999991431832,732386
2023-12-13,0.0015150000108405948,0.0015150000108405948,0.0015330000314861536,0.0013099999632686377,0.0013849999522790313,444362
2023-12-14,0.001851000008173287,0.001851000008173287,0.003234999952837825,0.0014900000533089042,0.0015150000108405948,2280287
2023-12-15,0.0021100000012665987,0.0021100000012665987,0.0025369999930262566,0.0018500000005587935,0.0018500000005587935,1121447
2023-12-16,0.002130999928340316,0.002130999928340316,0.002587999915704131,0.0020540000405162573,0.002128999913111329,635088
2023-12-17,0.0020129999611526728,0.0020129999611526728,0.0023070001043379307,0.0019340000580996275,0.002130999928340316,815804
2023-12-18,0.002297000028192997,0.002297000028192997,0.00240899994969368,0.0019480000482872128,0.002010999945923686,2014972
2023-12-19,0.0025059999898076057,0.0025059999898076057,0.003792000003159046,0.0022799998987466097,0.002302000066265464,8515347
2023-12-20,0.002426000079140067,0.002426000079140067,0.003010000102221966,0.0023509999737143517,0.0025190000887960196,2949025
2023-12-21,0.0022789998911321163,0.0022789998911321163,0.0024649999104440212,0.0021959999576210976,0.002437999937683344,2936798
2023-12-22,0.00203000009059906,0.00203000009059906,0.0022950000129640102,0.001993000041693449,0.00228599994443357,1553429
2023-12-23,0.0021299999207258224,0.0021299999207258224,0.002242000075057149,0.0017000000225380063,0.00203300011344254,1283226
2023-12-24,0.002010999945923686,0.002010999945923686,0.0024309998843818903,0.0019660000689327717,0.0021299999207258224,2109966
2023-12-25,0.0021039999555796385,0.0021039999555796385,0.002199999988079071,0.0019519999623298645,0.0020129999611526728,1651009
2023-12-26,0.002004999900236726,0.002004999900236726,0.0021180000621825457,0.0018860000418499112,0.0021039999555796385,2395649
2023-12-27,0.0018710000440478325,0.0018710000440478325,0.002022000029683113,0.0018479999853298068,0.002007999923080206,2548977
2023-12-28,0.0018820000113919377,0.0018820000113919377,0.0020039998926222324,0.001749000046402216,0.0018739999504759908,1390594
2023-12-29,0.0019199999514967203,0.0019199999514967203,0.002122000092640519,0.0018319999799132347,0.0018840000266209245,1207474
2023-12-30,0.001914000022225082,0.001914000022225082,0.001984999980777502,0.0018469999777153134,0.0019199999514967203,1024427
2023-12-31,0.0019199999514967203,0.0019199999514967203,0.0021150000393390656,0.0018980000168085098,0.0019150000298395753,1101472
2024-01-01,0.0019549999851733446,0.0019549999851733446,0.00203699991106987,0.0019160000374540687,0.0019160000374540687,1617623
2024-01-02,0.0018179999897256494,0.0018179999897256494,0.001986999996006489,0.0018050000071525574,0.0019529999699443579,346765
2024-01-03,0.001572999986819923,0.001572999986819923,0.0019039999460801482,0.0015610000118613243,0.0018189999973401427,622760
2024-01-04,0.0017359999474138021,0.0017359999474138021,0.0017890000017359853,0.0015569999814033508,0.0015719999792054296,495392
2024-01-05,0.0016080000204965472,0.0016080000204965472,0.001744000008329749,0.0015259999781847,0.0017320000333711505,377736
2024-01-06,0.0014479999663308263,0.0014479999663308263,0.0016110000433400273,0.0014149999478831887,0.0016080000204965472,243329
2024-01-07,0.0014530000044032931,0.0014530000044032931,0.0015699999639764428,0.0014319999609142542,0.0014449999434873462,175306
2024-01-08,0.0015030000358819962,0.0015030000358819962,0.0015770000172778964,0.0013070000568404794,0.0014619999565184116,332958
2024-01-09,0.001883000019006431,0.001883000019006431,0.0020840000361204147,0.0014609999489039183,0.0015030000358819962,632031
2024-01-10,0.001854000031016767,0.001854000031016767,0.001943000010214746,0.0016670000040903687,0.0018850000342354178,608093
2024-01-11,0.0019239999819546938,0.0019239999819546938,0.0021009999327361584,0.0018530000234022737,0.0018570000538602471,775559
2024-01-12,0.002065999899059534,0.002065999899059534,0.0023169999476522207,0.0019160000374540687,0.0019239999819546938,766682
2024-01-13,0.0020119999535381794,0.0020119999535381794,0.0020940001122653484,0.0019660000689327717,0.0020649998914450407,299161
2024-01-14,0.0019650000613182783,0.0019650000613182783,0.0021349999587982893,0.0019630000460892916,0.0020119999535381794,331963
2024-01-15,0.001979999942705035,0.001979999942705035,0.0020280000753700733,0.0019650000613182783,0.0019650000613182783,272431
2024-01-16,0.0020280000753700733,0.0020280000753700733,0.002096999902278185,0.001979999942705035,0.001979999942705035,486817
2024-01-17,0.0020459999796003103,0.0020459999796003103,0.002068999921903014,0.0019570000004023314,0.0020280000753700733,330637
2024-01-18,0.0018210000125691295,0.0018210000125691295,0.002157999901100993,0.00177800003439188,0.0020459999796003103,661351
2024-01-19,0.0019600000232458115,0.0019600000232458115,0.001962000038474798,0.001689000055193901,0.0018240000354126096,311210
2024-01-20,0.0017819999484345317,0.0017819999484345317,0.0019600000232458115,0.001766999950632453,0.0019600000232458115,264347
2024-01-21,0.0018019999843090773,0.0018019999843090773,0.0018599999602884054,0.0017419999931007624,0.0017819999484345317,275675
2024-01-22,0.0016479999758303165,0.0016479999758303165,0.0018080000299960375,0.0016199999954551458,0.0018019999843090773,246133
2024-01-23,0.0016060000052675605,0.0016060000052675605,0.0016550000291317701,0.0015180000336840749,0.0016479999758303165,370960
2024-01-24,0.0018599999602884054,0.0018599999602884054,0.0019229999743402004,0.0015069999499246478,0.0016070000128820539,565946
2024-01-25,0.0018029999919235706,0.0018029999919235706,0.0019280000124126673,0.0017470000311732292,0.0018629999831318855,427321
2024-01-26,0.001990000018849969,0.001990000018849969,0.0020230000372976065,0.0017800000496208668,0.0018029999919235706,293005
2024-01-27,0.0021389999892562628,0.0021389999892562628,0.0021510000806301832,0.001979999942705035,0.0019890000112354755,402541
2024-01-28,0.002076999982818961,0.002076999982818961,0.00227600010111928,0.00203000009059906,0.0021389999892562628,352369
2024-01-29,0.0021210000850260258,0.0021210000850260258,0.002217999892309308,0.002044999971985817,0.002076999982818961,491307
2024-01-30,0.001986999996006489,0.001986999996006489,0.0021720000077039003,0.0019839999731630087,0.0021170000545680523,371884
2024-01-31,0.0019920000340789557,0.0019920000340789557,0.0021210000850260258,0.0019660000689327717,0.001988000003620982,389224
2024-02-01,0.0019049999536946416,0.0019049999536946416,0.0020039998926222324,0.0018899999558925629,0.0019920000340789557,348115
2024-02-02,0.0019069999689236283,0.0019069999689236283,0.0019779999274760485,0.0018729999428614974,0.0019049999536946416,310825
2024-02-03,0.0019340000580996275,0.0019340000580996275,0.0019359999569132924,0.0018939999863505363,0.0019069999689236283,199392
2024-02-04,0.0018810000037774444,0.0018810000037774444,0.0019549999851733446,0.0018729999428614974,0.0019340000580996275,171733
2024-02-05,0.0018680000212043524,0.0018680000212043524,0.0019399999873712659,0.0018449999624863267,0.0018779999809339643,381415
2024-02-06,0.0018350000027567148,0.0018350000027567148,0.0019000000320374966,0.0018100000452250242,0.0018680000212043524,153977
2024-02-07,0.0018469999777153134,0.0018469999777153134,0.0018629999831318855,0.0017729999963194132,0.0018350000027567148,202065
2024-02-08,0.0018289999570697546,0.0018289999570697546,0.001896000001579523,0.0018260000506415963,0.0018469999777153134,248973
2024-02-09,0.0020149999763816595,0.0020149999763816595,0.002022000029683113,0.0018230000277981162,0.0018289999570697546,284186
2024-02-10,0.0021009999327361584,0.0021009999327361584,0.0021009999327361584,0.0019759999122470617,0.002013999968767166,321500
2024-02-11,0.002104999963194132,0.002104999963194132,0.0021559998858720064,0.0020729999523609877,0.0021009999327361584,337723
2024-02-12,0.0021979999728500843,0.0021979999728500843,0.002205000026151538,0.0020800000056624413,0.002104999963194132,406562
2024-02-13,0.002400999888777733,0.002400999888777733,0.002409999957308173,0.0021860001143068075,0.0021979999728500843,666355
2024-02-14,0.002463999902829528,0.002463999902829528,0.0025289999321103096,0.0023060000967234373,0.002400999888777733,686763
2024-02-15,0.002626999979838729,0.002626999979838729,0.0028669999446719885,0.002455000067129731,0.002463999902829528,1157296
2024-02-16,0.0025530001148581505,0.0025530001148581505,0.002643000101670623,0.0024210000410676003,0.002626999979838729,815363
2024-02-17,0.0024309998843818903,0.0024309998843818903,0.0025579999200999737,0.0023509999737143517,0.0025530001148581505,435269
2024-02-18,0.0024850000627338886,0.0024850000627338886,0.002500999951735139,0.002389000030234456,0.0024309998843818903,397286
2024-02-19,0.002472999971359968,0.002472999971359968,0.0027280000504106283,0.0024659999180585146,0.0024840000551193953,754290
2024-02-20,0.002454000059515238,0.002454000059515238,0.0024759999942034483,0.0023380001075565815,0.002472999971359968,315268
2024-02-21,0.002328000031411648,0.002328000031411648,0.0024610001128166914,0.002222999930381775,0.002454000059515238,377958
2024-02-22,0.0022279999684542418,0.0022279999684542418,0.002382999984547496,0.002222999930381775,0.002329000039026141,301853
2024-02-23,0.0020989999175071716,0.0020989999175071716,0.0022319999989122152,0.0020469999872148037,0.002228999976068735,305057
2024-02-24,0.0022589999716728926,0.0022589999716728926,0.002303000073879957,0.0020840000361204147,0.0020989999175071716,220995
2024-02-25,0.0021359999664127827,0.0021359999664127827,0.002256999956443906,0.0021230001002550125,0.002256999956443906,272393
2024-02-26,0.002334000077098608,0.002334000077098608,0.002334000077098608,0.0020669999066740274,0.002133999951183796,254921
2024-02-27,0.002268000040203333,0.002268000040203333,0.002563999965786934,0.002245000097900629,0.002334000077098608,485365
2024-02-28,0.002397000091150403,0.002397000091150403,0.002503999974578619,0.0022060000337660313,0.0022720000706613064,674671
2024-02-29,0.0022619999945163727,0.0022619999945163727,0.0024480000138282776,0.002208000048995018,0.002397000091150403,734988
2024-03-01,0.0022909999825060368,0.0022909999825060368,0.002382999984547496,0.002222999930381775,0.0022619999945163727,734825
2024-03-02,0.002217999892309308,0.002217999892309308,0.0023040000814944506,0.002177000045776367,0.0022909999825060368,585595
2024-03-03,0.0022189998999238014,0.0022189998999238014,0.0023399998899549246,0.002139999996870756,0.002219999907538295,832609
2024-03-04,0.0021510000806301832,0.0021510000806301832,0.0022509999107569456,0.0020910000894218683,0.002217999892309308,734771
2024-03-05,0.002087000058963895,0.002087000058963895,0.0021899999119341373,0.0019199999514967203,0.0021520000882446766,677273
2024-03-06,0.0020630001090466976,0.0020630001090466976,0.0020989999175071716,0.0019470000406727195,0.002087000058963895,516257
2024-03-07,0.002133999951183796,0.002133999951183796,0.0022990000434219837,0.0020570000633597374,0.0020630001090466976,721325
2024-03-08,0.002202000003308058,0.002202000003308058,0.0023060000967234373,0.002114000031724572,0.002136999974027276,663095
2024-03-09,0.0022780001163482666,0.0022780001163482666,0.0023799999617040157,0.002194999950006604,0.002202000003308058,605353
2024-03-10,0.0022430000826716423,0.0022430000826716423,0.002339000115171075,0.0021689999848604202,0.0022780001163482666,563738
2024-03-11,0.0021089999936521053,0.0021089999936521053,0.002259999979287386,0.0020570000633597374,0.0022430000826716423,594435
2024-03-12,0.0020069999154657125,0.0020069999154657125,0.00215999991632998,0.0019450000254437327,0.0021089999936521053,745984
2024-03-13,0.0020490000024437904,0.0020490000024437904,0.0020810000132769346,0.001921999966725707,0.0020069999154657125,777464
2024-03-14,0.0019600000232458115,0.0019600000232458115,0.0021389999892562628,0.0018939999863505363,0.002047999994829297,826468
2024-03-15,0.0019529999699443579,0.0019529999699443579,0.0019680000841617584,0.0017269999952986836,0.0019600000232458115,558511
2024-03-16,0.0017209999496117234,0.0017209999496117234,0.002050000010058284,0.0016740000573918223,0.0019529999699443579,671809
2024-03-17,0.0018570000538602471,0.0018570000538602471,0.0018700000364333391,0.0016589999431744218,0.0017209999496117234,427538
2024-03-18,0.0017170000355690718,0.0017170000355690718,0.001820000004954636,0.0016550000291317701,0.0018159999744966626,332195
2024-03-19,0.0015369999455288053,0.0015369999455288053,0.0017180000431835651,0.0015140000032261014,0.0017170000355690718,326962
2024-03-20,0.0017359999474138021,0.0017359999474138021,0.0017719999887049198,0.0014720000326633453,0.0015360000543296337,175295
2024-03-21,0.0015930000226944685,0.0015930000226944685,0.0017529999604448676,0.001576000009663403,0.0017369999550282955,184885
2024-03-22,0.0015640000347048044,0.0015640000347048044,0.0016449999529868364,0.001521000056527555,0.0015930000226944685,240360
2024-03-23,0.0015510000521317124,0.0015510000521317124,0.001598999951966107,0.0015510000521317124,0.0015640000347048044,164265
2024-03-24,0.0016070000128820539,0.0016070000128820539,0.0016280000563710928,0.001538999960757792,0.0015510000521317124,249588
2024-03-25,0.0015810000477358699,0.0015810000477358699,0.0017089999746531248,0.0015790000325068831,0.0016070000128820539,278213
2024-03-26,0.001487000030465424,0.001487000030465424,0.0016400000313296914,0.0014659999869763851,0.0015810000477358699,242089
2024-03-27,0.0014540000120177865,0.0014540000120177865,0.0015350000467151403,0.0014309999532997608,0.001487000030465424,213852
2024-03-28,0.0015460000140592456,0.0015460000140592456,0.0015579999890178442,0.0013930000131949782,0.0014540000120177865,182885
2024-03-29,0.001500000013038516,0.001500000013038516,0.0015620000194758177,0.0014990000054240227,0.0015460000140592456,292343
2024-03-30,0.0014309999532997608,0.0014309999532997608,0.0015150000108405948,0.001424000016413629,0.001500000013038516,165600
2024-03-31,0.0013989999424666166,0.0013989999424666166,0.0014659999869763851,0.0013749999925494194,0.0014309999532997608,151467
2024-04-01,0.0013429999817162752,0.0013429999817162752,0.0014179999707266688,0.001243000035174191,0.001398000051267445,238483
2024-04-02,0.0013070000568404794,0.0013070000568404794,0.0013620000099763274,0.0012870000209659338,0.0013429999817162752,141257
2024-04-03,0.001281999982893467,0.001281999982893467,0.0013620000099763274,0.0012629999546334147,0.0013070000568404794,224097
2024-04-04,0.0013020000187680125,0.0013020000187680125,0.0013409999664872885,0.0012529999949038029,0.001281999982893467,173396
2024-04-05,0.001306000049225986,0.001306000049225986,0.00133500003721565,0.0012260000221431255,0.0013020000187680125,201949
2024-04-06,0.0014090000186115503,0.0014090000186115503,0.0014130000490695238,0.0012880000285804272,0.0013050000416114926,114091
2024-04-07,0.0013859999598935246,0.0013859999598935246,0.0014509999891743064,0.0013689999468624592,0.0014090000186115503,226277
2024-04-08,0.0013640000252053142,0.0013640000252053142,0.0014250000240281224,0.0013510000426322222,0.0013879999751225114,101552
2024-04-09,0.001269000000320375,0.001269000000320375,0.0013689999468624592,0.001269000000320375,0.0013640000252053142,74269
2024-04-10,0.001370999962091446,0.001370999962091446,0.0013970000436529517,0.0012250000145286322,0.001269000000320375,140751
2024-04-11,0.001383999944664538,0.001383999944664538,0.0014519999967887998,0.001357999979518354,0.001370999962091446,168844
2024-04-12,0.0011940000113099813,0.0011940000113099813,0.0014690000098198652,0.0011620000004768372,0.001383999944664538,182336
2024-04-13,0.0010740000288933516,0.0010740000288933516,0.0012280000373721123,0.0009360000258311629,0.0011940000113099813,274259
2024-04-14,0.0010319999419152737,0.0010319999419152737,0.0010740000288933516,0.0009560000034980476,0.0010740000288933516,198398
2024-04-15,0.000977999996393919,0.000977999996393919,0.0011859999503940344,0.0009539999882690609,0.0010319999419152737,296922
2024-04-16,0.0009879999561235309,0.0009879999561235309,0.0010100000072270632,0.0008720000041648746,0.000977999996393919,236451
2024-04-17,0.0009619999909773469,0.0009619999909773469,0.0010130000300705433,0.0009089999948628247,0.0009879999561235309,134452
2024-04-18,0.0009190000128000975,0.0009190000128000975,0.0009679999784566462,0.0009110000100918114,0.0009619999909773469,112787
2024-04-19,0.0008919999818317592,0.0008919999818317592,0.0009340000106021762,0.0008559999987483025,0.0009190000128000975,94804
2024-04-20,0.0009399999980814755,0.0009399999980814755,0.0009580000187270343,0.0008800000068731606,0.0008919999818317592,109060
2024-04-21,0.0008900000248104334,0.0008900000248104334,0.0009449999779462814,0.0008820000221021473,0.0009399999980814755,166220
2024-04-22,0.0009050000226125121,0.0009050000226125121,0.0009360000258311629,0.0008779999916441739,0.0008900000248104334,124112
2024-04-23,0.0008730000117793679,0.0008730000117793679,0.0009190000128000975,0.0008730000117793679,0.0009050000226125121,88316
2024-04-24,0.000826000003144145,0.000826000003144145,0.0008919999818317592,0.0008249999955296516,0.0008730000117793679,41859
2024-04-25,0.0009340000106021762,0.0009340000106021762,0.0009399999980814755,0.0007639999967068434,0.000826000003144145,125547
2024-04-26,0.000914999982342124,0.000914999982342124,0.0010430000256747007,0.0008929999894462526,0.0009340000106021762,136171
2024-04-27,0.0009929999941959977,0.0009929999941959977,0.0010010000551119447,0.000881000014487654,0.000914999982342124,136540
2024-04-28,0.0011289999820291996,0.0011289999820291996,0.0012359999818727374,0.0009720000089146197,0.0009929999941959977,337949
2024-04-29,0.0013119999784976244,0.0013119999784976244,0.0013419999741017818,0.0011230000527575612,0.0011289999820291996,429589
2024-04-30,0.001167000038549304,0.001167000038549304,0.0013150000013411045,0.0011109999613836408,0.0013119999784976244,322879
2024-05-01,0.0011139999842271209,0.0011139999842271209,0.0011769999982789159,0.001053999993018806,0.001167000038549304,263972
2024-05-02,0.001214000047184527,0.001214000047184527,0.0012529999949038029,0.0010740000288933516,0.0011119999689981341,150512
2024-05-03,0.001180000021122396,0.001180000021122396,0.0012469999492168427,0.0011759999906644225,0.001214000047184527,146776
2024-05-04,0.0012209999840706587,0.0012209999840706587,0.0012870000209659338,0.001158999977633357,0.001180000021122396,122918
2024-05-05,0.00120599998626858,0.00120599998626858,0.0012679999927058816,0.0011879999656230211,0.0012209999840706587,125783
2024-05-06,0.001158999977633357,0.001158999977633357,0.0012519999872893095,0.001151000033132732,0.00120599998626858,139907
2024-05-07,0.001062000053934753,0.001062000053934753,0.0011899999808520079,0.001062000053934753,0.001158999977633357,98634
2024-05-08,0.000977999996393919,0.000977999996393919,0.0010809999657794833,0.0009560000034980476,0.001062000053934753,111775
2024-05-09,0.0010290000354871154,0.0010290000354871154,0.0010400000028312206,0.0009560000034980476,0.000977999996393919,193883
2024-05-10,0.001006999984383583,0.001006999984383583,0.0010920000495389104,0.0009830000344663858,0.0010290000354871154,167411
2024-05-11,0.0010359999723732471,0.0010359999723732471,0.0010460000485181808,0.0009960000170394778,0.001006999984383583,104038
2024-05-12,0.0010189999593421817,0.0010189999593421817,0.0010649999603629112,0.0010179999517276883,0.0010359999723732471,92489
2024-05-13,0.001019999966956675,0.001019999966956675,0.0010610000463202596,0.0009869999485090375,0.0010189999593421817,125683
2024-05-14,0.000977999996393919,0.000977999996393919,0.0010319999419152737,0.0009769999887794256,0.001019999966956675,81891
2024-05-15,0.0010470000561326742,0.0010470000561326742,0.001066999975591898,0.0009609999833628535,0.000977999996393919,111462
2024-05-16,0.0009740000241436064,0.0009740000241436064,0.0010529999854043126,0.0009609999833628535,0.0010470000561326742,141514
2024-05-17,0.0010100000072270632,0.0010100000072270632,0.0010499999625608325,0.0009730000165291131,0.0009740000241436064,184147
2024-05-18,0.0009790000040084124,0.0009790000040084124,0.0010519999777898192,0.0009679999784566462,0.0010100000072270632,143757
2024-05-19,0.0009449999779462814,0.0009449999779462814,0.0009950000094249845,0.0009430000209249556,0.0009790000040084124,133263
2024-05-20,0.0009980000322684646,0.0009980000322684646,0.0010089999996125698,0.0009239999926649034,0.0009449999779462814,178660
2024-05-21,0.0010239999974146485,0.0010239999974146485,0.0010999999940395355,0.0009980000322684646,0.0009980000322684646,215189
2024-05-22,0.0009599999757483602,0.0009599999757483602,0.0010239999974146485,0.0009500000160187483,0.0010239999974146485,105940
2024-05-23,0.0008909999742172658,0.0008909999742172658,0.0009660000214353204,0.0008789999992586672,0.0009599999757483602,125139
2024-05-24,0.0008970000199042261,0.0008970000199042261,0.0009059999720193446,0.0008580000139772892,0.0008950000046752393,91835
2024-05-25,0.0008689999813213944,0.0008689999813213944,0.0009009999921545386,0.0008580000139772892,0.0008970000199042261,99918
2024-05-26,0.0008750000270083547,0.0008750000270083547,0.0008849999867379665,0.0008529999759048223,0.0008689999813213944,145089
2024-05-27,0.000881000014487654,0.000881000014487654,0.0008900000248104334,0.0008590000215917826,0.0008750000270083547,136646
2024-05-28,0.0008590000215917826,0.0008590000215917826,0.0008829999715089798,0.0008510000188834965,0.000881000014487654,71374
2024-05-29,0.0008319999906234443,0.0008319999906234443,0.0008779999916441739,0.0008319999906234443,0.0008590000215917826,45204
2024-05-30,0.0008190000080503523,0.0008190000080503523,0.0008430000161752105,0.0008040000102482736,0.0008319999906234443,71632
2024-05-31,0.000838999985717237,0.000838999985717237,0.000838999985717237,0.0008009999874047935,0.0008190000080503523,75516
2024-06-01,0.0008529999759048223,0.0008529999759048223,0.0008919999818317592,0.000838999985717237,0.000838999985717237,74912
2024-06-02,0.0008370000286959112,0.0008370000286959112,0.000859999970998615,0.0008360000210814178,0.0008529999759048223,63345
2024-06-03,0.0008549999911338091,0.0008549999911338091,0.0008549999911338091,0.0008169999928213656,0.0008370000286959112,86689
2024-06-04,0.0008420000085607171,0.0008420000085607171,0.0008730000117793679,0.000826000003144145,0.0008549999911338091,76353
2024-06-05,0.0008340000058524311,0.0008340000058524311,0.0008679999737069011,0.0008210000232793391,0.0008420000085607171,85855
2024-06-06,0.0008019999950192869,0.0008019999950192869,0.000838999985717237,0.0008009999874047935,0.0008340000058524311,82640
2024-06-07,0.0007619999814778566,0.0007619999814778566,0.0008239999879151583,0.0007130000158213079,0.0008019999950192869,90607
2024-06-08,0.0007220000261440873,0.0007220000261440873,0.0007699999841861427,0.0007140000234358013,0.0007619999814778566,80765
2024-06-09,0.0007510000141337514,0.0007510000141337514,0.0007529999711550772,0.0006960000027902424,0.0007220000261440873,82955
2024-06-10,0.0007210000185295939,0.0007210000185295939,0.0007520000217482448,0.0006779999821446836,0.0007510000141337514,95182
2024-06-11,0.000686999992467463,0.000686999992467463,0.0007340000011026859,0.0006489999941550195,0.0007210000185295939,98153
2024-06-12,0.0007619999814778566,0.0007619999814778566,0.0008060000254772604,0.0006730000022798777,0.000686999992467463,95746
2024-06-13,0.0006949999951757491,0.0006949999951757491,0.0007650000043213367,0.0006849999772384763,0.0007619999814778566,56448
2024-06-14,0.0006859999848529696,0.0006859999848529696,0.0007019999902695417,0.0006849999772384763,0.0006949999951757491,57621
2024-06-15,0.0006910000229254365,0.0006910000229254365,0.0006970000104047358,0.0006849999772384763,0.0006859999848529696,44858
2024-06-16,0.0006880000000819564,0.0006880000000819564,0.0006910000229254365,0.0006880000000819564,0.0006910000229254365,44369
2024-06-17,0.0006719999946653843,0.0006719999946653843,0.0006890000076964498,0.0006719999946653843,0.0006880000000819564,50016
2024-06-18,0.0006840000278316438,0.0006840000278316438,0.0006900000153109431,0.0006510000093840063,0.0006719999946653843,58092
2024-06-19,0.0007029999978840351,0.0007029999978840351,0.0007259999983943999,0.0006830000202171504,0.0006840000278316438,132088
2024-06-20,0.0007050000131130219,0.0007050000131130219,0.0007099999929778278,0.0006990000256337225,0.0007029999978840351,102194
2024-06-21,0.000707999977748841,0.000707999977748841,0.000707999977748841,0.0006990000256337225,0.0007050000131130219,100461
2024-06-22,0.000707999977748841,0.000707999977748841,0.0007099999929778278,0.0007070000283420086,0.000707999977748841,101669
2024-06-23,0.0007040000054985285,0.0007040000054985285,0.0007099999929778278,0.0007040000054985285,0.000707999977748841,100910
2024-06-24,0.0006960000027902424,0.0006960000027902424,0.0007050000131130219,0.0006769999745301902,0.0007040000054985285,111457
2024-06-25,0.0006730000022798777,0.0006730000022798777,0.0006990000256337225,0.0006370000191964209,0.0006960000027902424,67941
2024-06-26,0.000666000007186085,0.000666000007186085,0.0006949999951757491,0.0006590000120922923,0.0006730000022798777,31697
2024-06-27,0.0006849999772384763,0.0006849999772384763,0.0006859999848529696,0.0006520000169984996,0.000666000007186085,49303
2024-06-28,0.0006699999794363976,0.0006699999794363976,0.0006949999951757491,0.0006699999794363976,0.0006849999772384763,36422
2024-06-29,0.0006539999740198255,0.0006539999740198255,0.0006779999821446836,0.0006520000169984996,0.0006699999794363976,48107
2024-06-30,0.0006649999995715916,0.0006649999995715916,0.0006730000022798777,0.0006500000017695129,0.0006539999740198255,39785
2024-07-01,0.0006840000278316438,0.0006840000278316438,0.0006849999772384763,0.0006350000039674342,0.0006649999995715916,95096
2024-07-02,0.0007309999782592058,0.0007309999782592058,0.0007309999782592058,0.0006810000049881637,0.0006840000278316438,83906
2024-07-03,0.0006859999848529696,0.0006859999848529696,0.0007440000190399587,0.0006810000049881637,0.0007309999782592058,69545
2024-07-04,0.0006329999887384474,0.0006329999887384474,0.000691999972332269,0.0006319999811239541,0.0006859999848529696,23926
2024-07-05,0.0006120000034570694,0.0006120000034570694,0.0006370000191964209,0.0005600000149570405,0.0006329999887384474,28857
2024-07-06,0.0006500000017695129,0.0006500000017695129,0.0006510000093840063,0.000610999995842576,0.0006120000034570694,26997
2024-07-07,0.0005869999877177179,0.0005869999877177179,0.0006500000017695129,0.0005869999877177179,0.0006500000017695129,17582
2024-07-08,0.0006120000034570694,0.0006120000034570694,0.0006210000137798488,0.0005680000176653266,0.0005869999877177179,30471
2024-07-09,0.0006089999806135893,0.0006089999806135893,0.0006189999985508621,0.0006009999779053032,0.0006120000034570694,11462
2024-07-10,0.0006000000284984708,0.0006000000284984708,0.0006210000137798488,0.0005840000230818987,0.0006089999806135893,18643
2024-07-11,0.0005859999801032245,0.0005859999801032245,0.0006099999882280827,0.0005849999724887311,0.0006000000284984708,19694
2024-07-12,0.0006019999855197966,0.0006019999855197966,0.0006060000159777701,0.0005740000051446259,0.0005859999801032245,35032
2024-07-13,0.000610999995842576,0.000610999995842576,0.0006130000110715628,0.000598000013269484,0.0006019999855197966,31725
2024-07-14,0.0006230000290088356,0.0006230000290088356,0.0006230000290088356,0.00060299999313429,0.000610999995842576,34683
2024-07-15,0.0007459999760612845,0.0007459999760612845,0.0007479999912902713,0.0006200000061653554,0.0006230000290088356,97497
2024-07-16,0.0007329999934881926,0.0007329999934881926,0.000750000006519258,0.0006820000126026571,0.0007459999760612845,56483
2024-07-17,0.0007890000124461949,0.0007890000124461949,0.0008609999786131084,0.0007319999858736992,0.0007329999934881926,74732
2024-07-18,0.0007949999999254942,0.0007949999999254942,0.0008340000058524311,0.000783999974373728,0.0007890000124461949,13262
2024-07-19,0.000838999985717237,0.000838999985717237,0.0008479999960400164,0.0007890000124461949,0.0007949999999254942,13581
2024-07-20,0.0008490000036545098,0.0008490000036545098,0.0008570000063627958,0.0008249999955296516,0.000838999985717237,10561
2024-07-21,0.000914999982342124,0.000914999982342124,0.0009180000051856041,0.0008370000286959112,0.0008490000036545098,22608
2024-07-22,0.000957000011112541,0.000957000011112541,0.000986000057309866,0.000914999982342124,0.000914999982342124,43483
2024-07-23,0.0010029999539256096,0.0010029999539256096,0.0010400000028312206,0.00092299998505041,0.000957000011112541,27519
2024-07-24,0.0009250000002793968,0.0009250000002793968,0.0010310000507161021,0.0009250000002793968,0.0010029999539256096,18692
2024-07-25,0.0009769999887794256,0.0009769999887794256,0.0009869999485090375,0.0008629999938420951,0.0009250000002793968,21428
2024-07-26,0.0009869999485090375,0.0009869999485090375,0.0009960000170394778,0.0009660000214353204,0.0009769999887794256,14207
2024-07-27,0.0010450000409036875,0.0010450000409036875,0.0010509999701753259,0.0009850000496953726,0.0009869999485090375,47595
2024-07-28,0.0009759999811649323,0.0009759999811649323,0.0010460000485181808,0.0009720000089146197,0.0010450000409036875,5727
2024-07-29,0.0009389999904669821,0.0009389999904669821,0.0010010000551119447,0.0009210000280290842,0.0009759999811649323,14624
2024-07-30,0.0009200000204145908,0.0009200000204145908,0.0009539999882690609,0.0009169999975711107,0.0009389999904669821,8819
2024-07-31,0.0008950000046752393,0.0008950000046752393,0.0009239999926649034,0.0008880000095814466,0.0009200000204145908,9959
2024-08-01,0.0009720000089146197,0.0009720000089146197,0.000986000057309866,0.0008670000243000686,0.0008950000046752393,16146
2024-08-02,0.0008529999759048223,0.0008529999759048223,0.0009720000089146197,0.0008299999753944576,0.0009720000089146197,26361
2024-08-03,0.0008329999982379377,0.0008329999982379377,0.0009139999747276306,0.0007880000048317015,0.0008529999759048223,8930
2024-08-04,0.0007890000124461949,0.0007890000124461949,0.0008960000122897327,0.0007820000173524022,0.0008329999982379377,9268
2024-08-05,0.0008270000107586384,0.0008270000107586384,0.0008829999715089798,0.0006389999762177467,0.0007890000124461949,34280
2024-08-06,0.0008459999808110297,0.0008459999808110297,0.0008789999992586672,0.0008069999748840928,0.0008270000107586384,26935
2024-08-07,0.0008520000264979899,0.0008520000264979899,0.0009139999747276306,0.0008350000134669244,0.0008459999808110297,35743
2024-08-08,0.0010509999701753259,0.0010509999701753259,0.0010600000387057662,0.0008459999808110297,0.0008520000264979899,43009
2024-08-09,0.0012400000123307109,0.0012400000123307109,0.0012410000199452043,0.0010059999767690897,0.0010509999701753259,64941
2024-08-10,0.0011879999656230211,0.0011879999656230211,0.0012639999622479081,0.0011630000080913305,0.0012400000123307109,44577
2024-08-11,0.0011030000168830156,0.0011030000168830156,0.001193000003695488,0.001028000027872622,0.0011879999656230211,38798
2024-08-12,0.0012619999470189214,0.0012619999470189214,0.0012750000460073352,0.0010720000136643648,0.0011030000168830156,131294
2024-08-13,0.0013510000426322222,0.0013510000426322222,0.0013510000426322222,0.001180000021122396,0.0012619999470189214,110255
2024-08-14,0.0013370000524446368,0.0013370000524446368,0.0013539999490603805,0.001234999974258244,0.0013510000426322222,43394
2024-08-15,0.0012229999992996454,0.0012229999992996454,0.0013370000524446368,0.0011599999852478504,0.0013370000524446368,28814
2024-08-16,0.0012110000243410468,0.0012110000243410468,0.0013299999991431832,0.0011790000135079026,0.0012229999992996454,34281
2024-08-17,0.0013729999773204327,0.0013729999773204327,0.0014140000566840172,0.0012049999786540866,0.0012110000243410468,31605
2024-08-18,0.0013160000089555979,0.0013160000089555979,0.0014400000218302011,0.0013139999937266111,0.0013729999773204327,31552
2024-08-19,0.0013500000350177288,0.0013500000350177288,0.0013729999773204327,0.0012619999470189214,0.0013160000089555979,36322
2024-08-20,0.0013050000416114926,0.0013050000416114926,0.0013899999903514981,0.001297999988310039,0.0013500000350177288,40179
2024-08-21,0.0012199999764561653,0.0012199999764561653,0.00133500003721565,0.0011970000341534615,0.0013040000339969993,38060
2024-08-22,0.0011869999580085278,0.0011869999580085278,0.0012390000047162175,0.0011780000058934093,0.0012199999764561653,34525
2024-08-23,0.001218999968841672,0.001218999968841672,0.0012580000329762697,0.0011759999906644225,0.0011869999580085278,40493
2024-08-24,0.0011790000135079026,0.0011790000135079026,0.0012240000069141388,0.0011749999830499291,0.001218999968841672,28963
2024-08-25,0.0011309999972581863,0.0011309999972581863,0.0011820000363513827,0.0011109999613836408,0.0011790000135079026,27025
2024-08-26,0.0012489999644458294,0.0012489999644458294,0.001285000005736947,0.0010939999483525753,0.0011309999972581863,49937
2024-08-27,0.00120599998626858,0.00120599998626858,0.0012799999676644802,0.0011729999678209424,0.0012489999644458294,76531
2024-08-28,0.0012519999872893095,0.0012519999872893095,0.0012829999905079603,0.0011769999982789159,0.00120599998626858,31704
2024-08-29,0.0012519999872893095,0.0012519999872893095,0.0013630000175908208,0.0012339999666437507,0.0012519999872893095,58895
2024-08-30,0.001285000005736947,0.001285000005736947,0.001294999965466559,0.0011309999972581863,0.0012519999872893095,38725
2024-08-31,0.001246000058017671,0.001246000058017671,0.0013020000187680125,0.001218999968841672,0.001285000005736947,91154
2024-09-01,0.0012700000079348683,0.0012700000079348683,0.0013180000241845846,0.0012199999764561653,0.001246000058017671,79650
2024-09-02,0.001339999958872795,0.001339999958872795,0.001353000057861209,0.001269000000320375,0.0012700000079348683,71350
2024-09-03,0.0012410000199452043,0.0012410000199452043,0.0013849999522790313,0.0012410000199452043,0.001339999958872795,46586
2024-09-04,0.0013749999925494194,0.0013749999925494194,0.0013749999925494194,0.0012199999764561653,0.0012410000199452043,87708
2024-09-05,0.001491999952122569,0.001491999952122569,0.001491999952122569,0.0013360000448301435,0.0013749999925494194,100281
2024-09-06,0.0014169999631121755,0.0014169999631121755,0.0015119999879971147,0.0013889999827370048,0.001491999952122569,129599
2024-09-07,0.0014049999881535769,0.0014049999881535769,0.001478999969549477,0.0013620000099763274,0.0014169999631121755,127446
2024-09-08,0.0014270000392571092,0.0014270000392571092,0.0014850000152364373,0.0013970000436529517,0.0014049999881535769,100629
2024-09-09,0.001344999996945262,0.001344999996945262,0.0015059999423101544,0.001310999970883131,0.0014270000392571092,83792
2024-09-10,0.0013960000360384583,0.0013960000360384583,0.0014570000348612666,0.0013429999817162752,0.001344999996945262,77820
2024-09-11,0.001382000045850873,0.001382000045850873,0.001429000054486096,0.0013249999610707164,0.0013960000360384583,66300
2024-09-12,0.0013429999817162752,0.0013429999817162752,0.0014199999859556556,0.00133200001437217,0.001382000045850873,91011
2024-09-13,0.0013539999490603805,0.0013539999490603805,0.001383999944664538,0.0013279999839141965,0.0013429999817162752,54244
2024-09-14,0.001259000040590763,0.001259000040590763,0.0013549999566748738,0.0012540000025182962,0.0013539999490603805,54618
2024-09-15,0.0013000000035390258,0.0013000000035390258,0.0013200000394135714,0.001221999991685152,0.001259000040590763,77685
2024-09-16,0.001230000052601099,0.001230000052601099,0.0013000000035390258,0.001193000003695488,0.0013000000035390258,49234
2024-09-17,0.0011869999580085278,0.0011869999580085278,0.001231999951414764,0.001155999954789877,0.001230000052601099,56192
2024-09-18,0.0012809999752789736,0.0012809999752789736,0.0012829999905079603,0.0010999999940395355,0.0011869999580085278,62216
2024-09-19,0.0012169999536126852,0.0012169999536126852,0.001303000026382506,0.00120900000911206,0.0012809999752789736,47550
2024-09-20,0.0011950000189244747,0.0011950000189244747,0.001243000035174191,0.0011759999906644225,0.0012169999536126852,31531
2024-09-21,0.00120900000911206,0.00120900000911206,0.001218999968841672,0.0011879999656230211,0.0011950000189244747,21944
2024-09-22,0.0013460000045597553,0.0013460000045597553,0.0013490000274032354,0.0011889999732375145,0.00120900000911206,59116
2024-09-23,0.0012890000361949205,0.0012890000361949205,0.0013559999642893672,0.001256000017747283,0.0013460000045597553,48746
2024-09-24,0.001307999948039651,0.001307999948039651,0.0013099999632686377,0.0012420000275596976,0.0012890000361949205,21922
2024-09-25,0.0012870000209659338,0.0012870000209659338,0.0013259999686852098,0.0012829999905079603,0.001307999948039651,25352
2024-09-26,0.0012779999524354935,0.0012779999524354935,0.0013099999632686377,0.001256000017747283,0.0012870000209659338,35291
2024-09-27,0.001344999996945262,0.001344999996945262,0.001353000057861209,0.001276999944821,0.0012779999524354935,25404
2024-09-28,0.0012929999502375722,0.0012929999502375722,0.0013490000274032354,0.0012910000514239073,0.001344999996945262,23347
2024-09-29,0.001303000026382506,0.001303000026382506,0.0013150000013411045,0.0012750000460073352,0.0012929999502375722,14241
2024-09-30,0.0012910000514239073,0.0012910000514239073,0.0013360000448301435,0.001269000000320375,0.001303000026382506,33793
2024-10-01,0.0012890000361949205,0.0012890000361949205,0.001395000028423965,0.0012580000329762697,0.0012910000514239073,57806
2024-10-02,0.0011919999960809946,0.0011919999960809946,0.0013539999490603805,0.0011909999884665012,0.0012890000361949205,38645
2024-10-03,0.0011879999656230211,0.0011879999656230211,0.0012600000482052565,0.0011739999754354358,0.0011919999960809946,41232
2024-10-04,0.0012229999992996454,0.0012229999992996454,0.0012339999666437507,0.0011879999656230211,0.0011879999656230211,27150
2024-10-05,0.0011869999580085278,0.0011869999580085278,0.001227000029757619,0.0011699999449774623,0.0012229999992996454,23725
2024-10-06,0.0012489999644458294,0.0012489999644458294,0.0012600000482052565,0.0011739999754354358,0.0011869999580085278,32357
2024-10-07,0.0011549999471753836,0.0011549999471753836,0.0012700000079348683,0.0011549999471753836,0.0012489999644458294,25710
2024-10-08,0.0011230000527575612,0.0011230000527575612,0.0011790000135079026,0.0011180000146850944,0.0011549999471753836,25579
2024-10-09,0.0011289999820291996,0.0011289999820291996,0.0011480000102892518,0.0011139999842271209,0.0011210000375285745,12393
2024-10-10,0.0010730000212788582,0.0010730000212788582,0.0011409999569877982,0.0010509999701753259,0.0011289999820291996,39110
2024-10-11,0.0011350000277161598,0.0011350000277161598,0.001145999995060265,0.0010710000060498714,0.0010730000212788582,11501
2024-10-12,0.001117000007070601,0.001117000007070601,0.0011490000179037452,0.0011129999766126275,0.0011350000277161598,6546
2024-10-13,0.0010860000038519502,0.0010860000038519502,0.0011180000146850944,0.0010389999952167273,0.001117000007070601,8855
2024-10-14,0.0010629999451339245,0.0010629999451339245,0.001088000019080937,0.001044000033289194,0.0010860000038519502,7573
2024-10-15,0.0009850000496953726,0.0009850000496953726,0.0010740000288933516,0.0009679999784566462,0.0010629999451339245,10299
2024-10-16,0.0009980000322684646,0.0009980000322684646,0.0010319999419152737,0.0009710000013001263,0.0009850000496953726,17657
2024-10-17,0.0009670000290498137,0.0009670000290498137,0.0010100000072270632,0.0009670000290498137,0.0009980000322684646,8037
2024-10-18,0.001032999949529767,0.001032999949529767,0.001032999949529767,0.0009660000214353204,0.0009670000290498137,7947
2024-10-19,0.001088000019080937,0.001088000019080937,0.0010989999864250422,0.0010310000507161021,0.001032999949529767,5213
2024-10-20,0.0011579999700188637,0.0011579999700188637,0.0011620000004768372,0.00108299998100847,0.001088000019080937,6653
2024-10-21,0.001154000055976212,0.001154000055976212,0.0011609999928623438,0.001104000024497509,0.0011579999700188637,5934
2024-10-22,0.001167000038549304,0.001167000038549304,0.0011869999580085278,0.0011390000581741333,0.001154000055976212,6928
2024-10-23,0.0011759999906644225,0.0011759999906644225,0.0011869999580085278,0.0011289999820291996,0.0011680000461637974,11195
2024-10-24,0.001221999991685152,0.001221999991685152,0.0012290000449866056,0.0011769999982789159,0.0011780000058934093,14890
2024-10-25,0.0011279999744147062,0.0011279999744147062,0.001221999991685152,0.0011279999744147062,0.001221999991685152,5870
2024-10-26,0.0011439999798312783,0.0011439999798312783,0.0011579999700188637,0.0011180000146850944,0.0011279999744147062,6466
2024-10-27,0.001120000029914081,0.001120000029914081,0.001158999977633357,0.0011070000473409891,0.0011439999798312783,9549
2024-10-28,0.0011490000179037452,0.0011490000179037452,0.0011650000233203173,0.001091000041924417,0.001120000029914081,11092
2024-10-29,0.001158999977633357,0.001158999977633357,0.001164000015705824,0.0011320000048726797,0.0011490000179037452,13577
2024-10-30,0.0011399999493733048,0.0011399999493733048,0.0011620000004768372,0.0011370000429451466,0.001158999977633357,7873
2024-10-31,0.001095999963581562,0.001095999963581562,0.0011399999493733048,0.001095999963581562,0.0011399999493733048,904
2024-11-01,0.0010400000028312206,0.0010400000028312206,0.001095999963581562,0.0010049999691545963,0.001095999963581562,9263
2024-11-02,0.00101200002245605,0.00101200002245605,0.0010809999657794833,0.0010079999919980764,0.0010400000028312206,981
2024-11-03,0.0010900000343099236,0.0010900000343099236,0.0010949999559670687,0.0009500000160187483,0.00101200002245605,633
2024-11-04,0.0010860000038519502,0.0010860000038519502,0.0010930000571534038,0.0009510000236332417,0.0010900000343099236,650
2024-11-05,0.000965000013820827,0.000965000013820827,0.0010860000038519502,0.0009190000128000975,0.0010860000038519502,762
2024-11-06,0.0010130000300705433,0.0010130000300705433,0.0010430000256747007,0.000965000013820827,0.000965000013820827,8519
2024-11-07,0.0010000000474974513,0.0010000000474974513,0.0010130000300705433,0.0009710000013001263,0.0010130000300705433,1404
2024-11-08,0.0010059999767690897,0.0010059999767690897,0.0010209999745711684,0.000990999978967011,0.0010000000474974513,2439
2024-11-09,0.0011099999537691474,0.0011099999537691474,0.0011439999798312783,0.0010059999767690897,0.0010059999767690897,4419
2024-11-10,0.001164000015705824,0.001164000015705824,0.001183000043965876,0.0011099999537691474,0.0011099999537691474,1553
2024-11-11,0.0010529999854043126,0.0010529999854043126,0.0011660000309348106,0.0010509999701753259,0.001164000015705824,1426
2024-11-12,0.0009730000165291131,0.0009730000165291131,0.0010610000463202596,0.0009679999784566462,0.0010529999854043126,1396
2024-11-13,0.000999000039882958,0.000999000039882958,0.00101500004529953,0.0009280000231228769,0.0009730000165291131,1390
2024-11-14,0.0009469999931752682,0.0009469999931752682,0.00101200002245605,0.0009449999779462814,0.000999000039882958,3868
2024-11-15,0.0009689999860711396,0.0009689999860711396,0.000986000057309866,0.0009130000253207982,0.0009469999931752682,4109
2024-11-16,0.000965000013820827,0.000965000013820827,0.0009889999637380242,0.0008769999840296805,0.0009640000062063336,3494
2024-11-17,0.0009120000177063048,0.0009120000177063048,0.0009970000246539712,0.0008880000095814466,0.000965000013820827,3788
2024-11-18,0.00092299998505041,0.00092299998505041,0.0009469999931752682,0.0008929999894462526,0.0009180000051856041,3743
2024-11-19,0.0009059999720193446,0.0009059999720193446,0.000965000013820827,0.0008750000270083547,0.00092299998505041,1730
2024-11-20,0.0009360000258311629,0.0009360000258311629,0.0009360000258311629,0.0007800000021234155,0.0009059999720193446,3164
2024-11-21,0.0009120000177063048,0.0009120000177063048,0.0009360000258311629,0.0008919999818317592,0.0009360000258311629,3664
2024-11-22,0.0009040000149980187,0.0009040000149980187,0.0009379999828524888,0.0008640000014565885,0.0009120000177063048,10332
2024-11-23,0.0010000000474974513,0.0010000000474974513,0.0010000000474974513,0.0008870000019669533,0.0009040000149980187,5757
2024-11-24,0.0010239999974146485,0.0010239999974146485,0.001032999949529767,0.0009369999752379954,0.0010000000474974513,5650
2024-11-25,0.0009340000106021762,0.0009340000106021762,0.001091000041924417,0.0008580000139772892,0.0010239999974146485,3903
2024-11-26,0.000957000011112541,0.000957000011112541,0.0010130000300705433,0.000893999997060746,0.0009340000106021762,6233
2024-11-27,0.001053999993018806,0.001053999993018806,0.001062000053934753,0.0009399999980814755,0.000957000011112541,8592
2024-11-28,0.0010554171167314053,0.0010554171167314053,0.0010761048179119825,0.001039310940541327,0.001054019434377551,15929
