Tenor,T,20221031,20221101,20221102,20221103,20221104,20221107,20221108,20221109,20221110,20221114,20221115,20221116,20221117,20221118,20221121,20221122,20221123,20221125,20221128,20221129,20221130,20221201,20221202,20221205,20221206,20221207,20221208,20221209,20221212,20221213,20221214,20221215,20221216,20221219,20221220,20221221,20221222,20221223,20221227,20221228,20221229,20221230,20230103,20230104,20230105,20230106,20230109,20230110,20230111,20230112,20230113,20230117,20230118,20230119,20230120,20230123,20230124,20230125,20230126,20230127,20230130,20230131,20230201,20230202,20230203,20230206,20230207,20230208,20230209,20230210,20230213,20230214,20230215,20230216,20230217,20230221,20230222,20230223,20230224,20230227,20230228,20230301,20230302,20230303,20230306,20230307,20230308,20230309,20230310,20230313,20230314,20230315,20230316,20230317,20230320,20230321,20230322,20230323,20230324,20230327,20230328,20230329,20230330,20230331,20230403,20230404,20230405,20230406,20230407,20230410,20230411,20230412,20230413,20230414,20230417,20230418,20230419,20230420,20230421,20230424,20230425,20230426,20230427,20230428,20230501,20230502,20230503,20230504,20230505,20230508,20230509,20230510,20230511,20230512,20230515,20230516,20230517,20230518,20230519,20230522,20230523,20230524,20230525,20230526,20230530,20230531,20230601,20230602,20230605,20230606,20230607,20230608,20230609,20230612,20230613,20230614,20230615,20230616,20230619,20230620,20230621,20230622,20230623,20230626,20230627,20230628,20230629,20230630,20230703,20230705,20230706,20230707,20230710,20230711,20230712,20230713,20230714,20230717,20230718,20230719,20230720,20230721,20230724,20230725,20230726,20230727,20230728,20230731,20230801,20230802,20230803,20230804,20230807,20230808,20230809,20230810,20230811,20230814,20230815,20230816,20230817,20230818,20230821,20230822,20230823,20230824,20230825,20230828,20230829,20230830,20230831,20230901,20230905,20230906,20230907,20230908,20230911,20230912,20230913,20230914,20230915,20230918,20230919,20230920,20230921,20230922,20230925,20230926,20230927,20230928,20230929,20231002,20231003,20231004,20231005,20231006,20231010,20231011,20231012,20231013,20231016,20231017,20231018,20231019,20231020,20231023,20231024,20231025,20231026,20231027,20231030,
1D,0.002777778,0.039190941,0.039604271,0.039948417,0.040388786,0.04596499,0.040224059,0.040339293,0.040372675,0.052075184,0.040975157,0.041405776,0.037782256,0.037749786,0.037879658,0.037789086,0.037818527,0.040509991,0.040978541,0.040796612,0.0408224,0.040949434,0.041045262,0.041951457,0.041797833,0.041477245,0.041686645,0.042230067,0.043792545,0.043691134,0.043925541,0.037563106,0.037685286,0.03678999,0.035867594,0.03533227,0.034849617,0.03419336,0.042085568,0.042222131,0.042297899,0.042247368,0.042325006,0.042471997,0.042480616,0.042437794,0.042436218,0.042554162,0.042618159,0.04263464,0.042674364,0.042631252,0.042819374,0.042819062,0.042786959,0.042853814,0.042934977,0.042985633,0.046473658,0.046274134,0.045814834,0.045725919,0.045686311,0.045694442,0.045821971,0.045864449,0.045667496,0.045550081,0.045657169,0.045658864,0.045739527,0.045665321,0.045667431,0.045670707,0.045675006,0.04571924,0.04559357,0.046676527,0.046516249,0.046925359,0.04533356,0.045345134,0.045360873,0.045160471,0.045168539,0.045475496,0.045448867,0.046529972,0.046542094,0.046272156,0.045607806,0.046322349,0.046030864,0.046549719,0.046515537,0.046765651,0.046959673,0.047394266,0.047618871,0.047614663,0.047629027,0.047663772,0.047712242,0.047706952,0.047659846,0.047758855,0.047873679,0.047847046,0.047860794,0.048456517,0.048026466,0.047852807,0.047818286,0.04779684,0.04783696,0.047875036,0.047890448,0.047913665,0.047946289,0.047970692,0.050327712,0.050050377,0.04981803,0.050081071,0.05008237,0.050084251,0.050027876,0.050450789,0.050459838,0.050487583,0.050446126,0.050496883,0.050423026,0.050500236,0.050502326,0.050510826,0.050573874,0.050555183,0.050542225,0.050568871,0.050556277,0.050551956,0.050722188,0.050887556,0.05070928,0.050547487,0.050707375,0.050719335,0.050902611,0.050835688,0.050965884,0.050968155,0.050725038,0.051055981,0.051326944,0.050684449,0.05051038,0.050512242,0.050454853,0.05048972,0.050502461,0.050495155,0.050518142,0.05045491,0.050587747,0.051490044,0.05048625,0.050518872,0.050510476,0.050647117,0.050640897,0.050692529,0.050751747,0.050833548,0.050862913,0.050846973,0.050897183,0.050977934,0.051154814,0.051226525,0.051300591,0.051329856,0.051431489,0.051994028,0.053304813,0.053277847,0.053073242,0.053068166,0.053058747,0.053078637,0.053075215,0.05307694,0.05306677,0.053015813,0.053014716,0.053013856,0.05295257,0.052977143,0.052978577,0.053010471,0.052979082,0.053005947,0.052924521,0.052975003,0.052974994,0.05299398,0.052974055,0.052928629,0.052940019,0.052836956,0.052851099,0.052844694,0.052840881,0.053035965,0.053034365,0.052769298,0.052752632,0.053054829,0.052699922,0.053055001,0.053102259,0.053072096,0.05308215,0.05308881,0.052979177,0.053062242,0.053084601,0.05290241,0.052844069,0.052834992,0.05292222,0.052919585,0.052932071,0.052943766,0.052949984,0.052979158,0.052939442,0.052965066,0.053027503,0.052980278,0.053029384,0.053036161,0.05296414,0.053038241,0.05304998,0.053071802,0.053090298,0.053104801,0.052981297,0.053047451,0.052988596,0.052966606,
1M,0.083333333,0.038721016,0.039023328,0.039285728,0.039585075,0.042343421,0.039258437,0.039210656,0.039193477,0.043694228,0.039174343,0.039276499,0.038688045,0.038812023,0.038904259,0.039333082,0.039448158,0.03948477,0.039459614,0.039025966,0.038855533,0.038768959,0.038636695,0.038831672,0.038543817,0.038506099,0.038499394,0.038441151,0.038865697,0.038627885,0.038572631,0.039471618,0.039632461,0.039150084,0.038997039,0.038827557,0.038658933,0.038424914,0.042610936,0.042835837,0.042908629,0.04287153,0.042938645,0.043201152,0.04324811,0.043288449,0.043282308,0.043493854,0.043584165,0.043651133,0.043631341,0.043635914,0.043964149,0.044063505,0.044117516,0.044183835,0.044414994,0.044487047,0.045975059,0.045864676,0.045670762,0.045620963,0.045608518,0.045611844,0.04570124,0.045679364,0.045575361,0.04553711,0.045477533,0.045471442,0.045495868,0.045465033,0.045468474,0.045474464,0.045483679,0.04552417,0.045602572,0.044884885,0.04468669,0.044692818,0.04602319,0.046087346,0.046284048,0.046348328,0.04642556,0.046695615,0.047174513,0.047353877,0.047364605,0.047033763,0.04611498,0.046882486,0.046613069,0.047089726,0.046981178,0.047400581,0.047550948,0.047970821,0.0480325,0.047927942,0.047878605,0.047877995,0.047909287,0.047928861,0.04790647,0.048056661,0.0481306,0.048112136,0.048124022,0.047935441,0.04817304,0.048388097,0.048408111,0.04840629,0.048516393,0.048714536,0.048790887,0.048857555,0.048892926,0.048976697,0.050224093,0.04992437,0.049760048,0.050043324,0.050040466,0.050168121,0.05008588,0.050413166,0.050374424,0.050425068,0.050458987,0.05047125,0.050456462,0.0505159,0.050516961,0.050521743,0.050529913,0.050587834,0.050654478,0.050602669,0.050800161,0.050910752,0.051039677,0.051152913,0.051140652,0.051361242,0.051060003,0.051080196,0.051188578,0.051151511,0.051019374,0.051118563,0.051190319,0.051229166,0.05125775,0.050937424,0.050747845,0.050782667,0.050784556,0.050872965,0.050909139,0.050953426,0.050962239,0.050923012,0.050833707,0.05153597,0.050745026,0.050814474,0.050820279,0.05101066,0.051033479,0.051099959,0.051167945,0.051315917,0.05137402,0.051413067,0.051467796,0.05157191,0.05181481,0.051895054,0.05197542,0.052050824,0.052124978,0.052475908,0.053155067,0.053161454,0.053046326,0.053042212,0.0530337,0.053042407,0.053038324,0.053037368,0.053005112,0.052975997,0.052974005,0.052971895,0.052955756,0.053002731,0.053011671,0.052964549,0.053019727,0.052961192,0.052959598,0.053046235,0.053054859,0.052977965,0.0530773,0.053098776,0.05314803,0.053067768,0.053067755,0.053074445,0.053079973,0.053142291,0.053151575,0.053197924,0.053214481,0.053222097,0.053307969,0.053196871,0.053210537,0.053171329,0.053195047,0.053194971,0.053116887,0.053161596,0.053140179,0.052981289,0.052935245,0.052940017,0.053011364,0.053000565,0.053070894,0.053102953,0.053069718,0.053098651,0.053121154,0.053089646,0.053101225,0.053083946,0.053108134,0.05310473,0.053114224,0.053102052,0.053086282,0.053046113,0.053077442,0.053084362,0.05305716,0.053088831,0.053039798,0.053053212,
2M,0.166666667,0.038670369,0.038886395,0.039100083,0.039350341,0.038795393,0.039460487,0.039419672,0.039482874,0.038786489,0.039731978,0.039831196,0.040433171,0.040613092,0.040726314,0.041241003,0.041406703,0.040030591,0.040064038,0.040259513,0.040238393,0.040261197,0.040423355,0.040592911,0.040956606,0.041096155,0.041197501,0.04128799,0.041613084,0.041973005,0.041942414,0.042387408,0.042508413,0.042442659,0.042813068,0.04289145,0.04288163,0.042918574,0.044017876,0.044370798,0.044398431,0.044315207,0.044291997,0.044581787,0.044649918,0.044787847,0.044714018,0.044899555,0.044974507,0.045048095,0.044900676,0.044917678,0.045185192,0.045288034,0.045365686,0.045389465,0.045594006,0.045624539,0.045361735,0.045452025,0.045678244,0.045754047,0.04578314,0.045807368,0.045861233,0.045875911,0.046019236,0.046086571,0.045990163,0.046034295,0.046065588,0.046191062,0.046236776,0.046281344,0.046335737,0.046470351,0.046756087,0.044904714,0.044935068,0.04488659,0.047248916,0.04730989,0.0475045,0.047605705,0.047691528,0.047966434,0.048750461,0.048983959,0.048933752,0.048410014,0.046788487,0.047648736,0.047295719,0.047777333,0.047433033,0.047969134,0.048177029,0.048509914,0.048331778,0.048132613,0.048440218,0.048344535,0.048331367,0.048396127,0.048463143,0.048675407,0.048609416,0.048575995,0.048578174,0.047216128,0.048481917,0.049162198,0.049201962,0.049175058,0.049389988,0.049657835,0.049743583,0.049828463,0.049803565,0.049892346,0.050032113,0.049675639,0.049680326,0.050037006,0.050027884,0.050387054,0.05018061,0.050420843,0.050249442,0.050399823,0.050538893,0.050550832,0.050506836,0.0505843,0.050598523,0.050647196,0.050648143,0.050793492,0.050990493,0.050850133,0.051146981,0.051290747,0.051554684,0.051723195,0.051824055,0.052134095,0.051642221,0.051536963,0.051685862,0.051656058,0.051508274,0.051589281,0.051670978,0.051707566,0.051782542,0.051370052,0.051160201,0.051225025,0.051295762,0.051405257,0.051451733,0.051535381,0.051517175,0.051479294,0.051486323,0.051680084,0.051409269,0.051557877,0.051576162,0.051769988,0.051795914,0.051877503,0.051929032,0.052089892,0.052161905,0.052215501,0.052235886,0.052343237,0.052557822,0.052609533,0.052656952,0.052745031,0.052757207,0.052902658,0.052892524,0.052981626,0.053046347,0.053047167,0.053060403,0.053061053,0.053063633,0.053070039,0.053022085,0.053047706,0.05305308,0.053059845,0.053059129,0.053137981,0.053171421,0.053118673,0.053198983,0.05314111,0.053134348,0.053249983,0.053279319,0.053198546,0.053351247,0.053431165,0.053507292,0.053389293,0.053354792,0.053348635,0.053327184,0.053404697,0.053415214,0.053457288,0.053461855,0.053488741,0.053536169,0.053439641,0.053397475,0.05334228,0.053377389,0.053367132,0.053325872,0.053328632,0.053261153,0.053204235,0.053185185,0.053223908,0.053247615,0.053213843,0.053375434,0.053437967,0.05331645,0.0533349,0.053461577,0.053304381,0.053255623,0.053286717,0.053271881,0.053265884,0.053374087,0.053284248,0.053226307,0.053128204,0.053190721,0.053201787,0.053258909,0.053218372,0.053184936,0.053264893,
3M,0.25,0.040536421,0.04072459,0.040852237,0.041153852,0.040610697,0.04142377,0.041406161,0.041445053,0.04086697,0.041627098,0.04173047,0.042042621,0.042228783,0.042393253,0.042843074,0.04304587,0.042667377,0.042839549,0.043156202,0.043085857,0.043011187,0.043021371,0.043242987,0.043671462,0.043737812,0.043805232,0.043974254,0.044251988,0.044656064,0.044493207,0.044172305,0.044275023,0.044345748,0.044861387,0.045005118,0.045009946,0.045146477,0.045138865,0.045506126,0.045455723,0.045404151,0.045422336,0.045708307,0.04576421,0.045959992,0.04579973,0.045903945,0.045964324,0.046019541,0.045792516,0.045820531,0.046013797,0.046050055,0.046140194,0.046158698,0.046363685,0.046363898,0.045928765,0.046060709,0.046287188,0.046416053,0.046394455,0.046414391,0.046437823,0.046606422,0.046820243,0.046904535,0.046882186,0.046946134,0.04698305,0.047135582,0.047211147,0.047247235,0.047308634,0.047518759,0.04787627,0.047206401,0.047276656,0.047279714,0.048306525,0.048350041,0.048610467,0.048675054,0.048762017,0.049076466,0.050074544,0.050472729,0.050334378,0.049556943,0.047017444,0.048037383,0.04745389,0.048132409,0.047416955,0.048017724,0.048506134,0.048702993,0.048295316,0.04807724,0.048740521,0.048571549,0.048554386,0.048662049,0.048767966,0.049030425,0.048776572,0.048704668,0.048738651,0.04732522,0.048802285,0.049494112,0.049493206,0.049424524,0.049780385,0.050070697,0.05013715,0.050254947,0.050170734,0.050250207,0.050192695,0.049733743,0.049798791,0.050249998,0.050212391,0.05061013,0.050176509,0.050490735,0.050114528,0.050415662,0.05058368,0.050636013,0.050459498,0.050574847,0.050622478,0.050707885,0.050737834,0.050937049,0.05125065,0.051040954,0.051371591,0.051524055,0.051861909,0.052198638,0.052285706,0.05250127,0.052026623,0.051792431,0.052047702,0.052008596,0.051908359,0.051943828,0.051963774,0.052055683,0.052182337,0.051702871,0.051515723,0.051584829,0.05169365,0.051814406,0.051864397,0.051965068,0.051943565,0.051894325,0.052015332,0.051921952,0.05195182,0.05216044,0.052158958,0.05229609,0.052299954,0.052420048,0.052442153,0.052569409,0.05264579,0.052638326,0.052622634,0.052739229,0.052915809,0.052944414,0.052963388,0.053055678,0.053032037,0.053144873,0.053069713,0.053158749,0.053220207,0.053207505,0.053235213,0.053237396,0.053234958,0.053249896,0.053198411,0.053228896,0.053234486,0.053242959,0.053209291,0.053309888,0.053361628,0.053332034,0.053397768,0.053363188,0.053314154,0.05344706,0.053496161,0.053419848,0.053601235,0.053730198,0.05381483,0.053632814,0.053573637,0.053522521,0.053478166,0.053626409,0.053636921,0.053622081,0.053614523,0.053700986,0.053681532,0.05363662,0.053562214,0.053500756,0.053553547,0.053541072,0.053527535,0.053515403,0.053427696,0.053441277,0.053425707,0.05349643,0.05346904,0.053422026,0.05365435,0.053726669,0.053532344,0.053532284,0.053725157,0.053487925,0.053443689,0.053520262,0.05347623,0.053489875,0.053666245,0.053561077,0.053454376,0.053322854,0.053404445,0.053423913,0.053490282,0.053413868,0.053368195,0.05347603,
6M,0.5,0.044577005,0.044848801,0.04488429,0.045281381,0.04521199,0.045455305,0.045334215,0.045299255,0.0449508,0.044918051,0.044878646,0.044904358,0.045209953,0.045529941,0.045851969,0.046092366,0.046138758,0.046219405,0.046350577,0.046278167,0.046127654,0.045797779,0.04611068,0.046594277,0.046493098,0.046311136,0.046505565,0.046656437,0.046963669,0.046311967,0.04604964,0.046269059,0.04605774,0.046486251,0.046531549,0.046407501,0.046639697,0.046848747,0.047343678,0.047116795,0.047077478,0.047239974,0.047394625,0.047433042,0.047722778,0.047373538,0.047324652,0.047394749,0.047434898,0.047129901,0.047225485,0.047262888,0.047109549,0.047263021,0.047331965,0.047575572,0.047517769,0.047437214,0.047553005,0.047592302,0.047750505,0.047637286,0.047602676,0.047543429,0.048177606,0.048640168,0.048802943,0.048838142,0.048927514,0.048993073,0.04918091,0.049459462,0.049347075,0.049345455,0.049728616,0.05021189,0.050552257,0.050485921,0.050605266,0.050569375,0.050621215,0.050942036,0.050944305,0.051006844,0.05132832,0.052659535,0.053117014,0.052697611,0.051041912,0.045660936,0.047323632,0.045688692,0.04754644,0.045573536,0.046335944,0.048215447,0.047977219,0.046977164,0.046873432,0.048077247,0.04797463,0.048115927,0.048339931,0.048486122,0.04884919,0.048053456,0.047783836,0.048056181,0.048231196,0.0489863,0.049214904,0.048993645,0.048882107,0.049655161,0.05001826,0.050089407,0.050323697,0.050071507,0.050174196,0.05019896,0.049329567,0.049414035,0.050206685,0.050086115,0.050445409,0.049502831,0.049861394,0.04880944,0.0495626,0.049832643,0.049933695,0.049432761,0.049565934,0.049843422,0.049923999,0.05013222,0.050376741,0.050926103,0.050671233,0.051055322,0.0512303,0.051720389,0.052327826,0.052454325,0.052448453,0.051959529,0.051600777,0.052169712,0.05206098,0.051996529,0.052010576,0.051942264,0.052137803,0.052301345,0.052040321,0.052074168,0.0520656,0.052212337,0.052355157,0.052391566,0.05249014,0.052554949,0.052428963,0.052528841,0.052604949,0.052606689,0.053007946,0.052897604,0.053004784,0.052954146,0.053240071,0.053157351,0.05318628,0.05332714,0.053068965,0.052917871,0.053141603,0.05322443,0.053253832,0.053237877,0.053388901,0.053322784,0.053490397,0.053661038,0.053614735,0.053618362,0.053529104,0.053535216,0.053545349,0.053487957,0.053560163,0.053435703,0.053439745,0.053450826,0.053455518,0.05339998,0.053561574,0.053677058,0.053602662,0.053695087,0.053612928,0.053506675,0.053704197,0.05380483,0.053660349,0.053911237,0.05416482,0.05423015,0.053882494,0.053801646,0.053662757,0.053605779,0.053888651,0.053927997,0.053871486,0.053852774,0.053966431,0.053919252,0.053898662,0.053830108,0.053794716,0.053893134,0.053910895,0.053953883,0.053948705,0.053856424,0.053861365,0.053804409,0.053971382,0.053798222,0.053751063,0.0540353,0.054094067,0.05371889,0.053658021,0.053969342,0.053555,0.053601746,0.053786377,0.053677565,0.053749651,0.054077761,0.05398883,0.05375842,0.053546302,0.053638144,0.05368986,0.053748964,0.053567229,0.053485656,0.053611822,
9M,0.75,0.046004328,0.046448287,0.046579909,0.047106568,0.046752011,0.047189038,0.04694071,0.046882614,0.045754322,0.046141609,0.046013289,0.046153154,0.046589972,0.047020464,0.047331502,0.047552964,0.047240118,0.047223124,0.04729026,0.047224767,0.046916272,0.046409109,0.046771802,0.047422208,0.047243491,0.046919282,0.04716958,0.04729237,0.047614116,0.046689679,0.046641722,0.046907913,0.046519177,0.047018492,0.047018884,0.046832551,0.047150903,0.047364736,0.047963027,0.047696363,0.047667936,0.04788898,0.047980325,0.048040033,0.048410462,0.047865662,0.047692874,0.047795383,0.047827317,0.047487838,0.047693091,0.047565865,0.047300394,0.047529981,0.047646604,0.047901528,0.047810834,0.0475253,0.047697473,0.0477569,0.047961225,0.04779725,0.047644638,0.047560541,0.048578988,0.049317236,0.049543927,0.049534748,0.049674713,0.049800267,0.050014224,0.050505505,0.050299534,0.050231298,0.05067105,0.051278395,0.051347801,0.05122541,0.051508008,0.051654823,0.051680444,0.052068982,0.051991404,0.052013202,0.052315489,0.053807119,0.054252738,0.053565158,0.051045023,0.044140556,0.0460657,0.043820393,0.046267385,0.043800437,0.044713106,0.0473689,0.046853745,0.04533317,0.045166236,0.046722567,0.04685573,0.047087561,0.047356586,0.047444049,0.047672238,0.046554321,0.046067718,0.046563557,0.047262948,0.047899259,0.048058221,0.047660821,0.047576011,0.048583889,0.049015884,0.049140994,0.049470548,0.049061696,0.049199355,0.049039695,0.047812696,0.047889854,0.048986543,0.048858615,0.049280131,0.048083379,0.048236961,0.046633326,0.047741553,0.048151873,0.048235043,0.047496586,0.04761471,0.048092615,0.04812948,0.048520003,0.04883506,0.049579204,0.049358102,0.049748561,0.049936785,0.050534878,0.05137527,0.051646755,0.051422923,0.050885755,0.050447342,0.051325576,0.051108619,0.051126418,0.051238877,0.051113925,0.051455234,0.051590104,0.051666661,0.051851535,0.051763027,0.051999039,0.052174373,0.052117685,0.052223477,0.052424637,0.052182156,0.052272771,0.052525192,0.052457915,0.053129557,0.05293554,0.053056558,0.052963884,0.053351867,0.053143846,0.053054524,0.053282763,0.052775997,0.052403468,0.052796602,0.052753384,0.052826865,0.052817297,0.053074322,0.053022758,0.053198193,0.053381604,0.053233618,0.053406563,0.053239297,0.053184803,0.053210268,0.053067486,0.053164502,0.052901631,0.052862756,0.052882713,0.05293118,0.052899609,0.053132147,0.053343972,0.053217623,0.053355031,0.053213042,0.053073042,0.053330992,0.053494318,0.05321977,0.053599623,0.053956165,0.054005045,0.053443327,0.053326673,0.053135743,0.053080898,0.053510913,0.053628183,0.053462263,0.053523564,0.053619105,0.053605,0.053583938,0.05355885,0.053578326,0.053665755,0.053754432,0.053860804,0.053819535,0.053703446,0.053690799,0.05364933,0.053906799,0.053601076,0.053547167,0.053857168,0.05390697,0.05334309,0.053222985,0.053643941,0.053027663,0.053117948,0.053396325,0.053252341,0.053366945,0.053831453,0.053753194,0.053426938,0.053126401,0.053210678,0.053293483,0.053393208,0.053089262,0.052990603,0.053119891,
1Y,1,0.046448789,0.046969725,0.047203485,0.047893774,0.047499668,0.047928887,0.047589416,0.04747935,0.045988863,0.046469158,0.046294427,0.046416413,0.046958654,0.047462066,0.047790992,0.047948363,0.047648574,0.047588139,0.047618622,0.047583511,0.04710036,0.046487711,0.046855572,0.047636142,0.047380595,0.046929457,0.047256969,0.047373122,0.047708585,0.046590161,0.046563299,0.046818529,0.046359105,0.046818559,0.046809445,0.046555041,0.046877586,0.047126634,0.047774877,0.047530629,0.047510942,0.047769414,0.047773704,0.047849555,0.048338449,0.047537935,0.047251359,0.047413271,0.047377118,0.047007012,0.047364149,0.047101599,0.046725536,0.047013608,0.047176757,0.047451218,0.047345133,0.046992191,0.047197714,0.047268331,0.047504033,0.047294523,0.046962659,0.046870504,0.048206483,0.049117813,0.049351864,0.049325278,0.049548011,0.049736139,0.04993522,0.050610048,0.050414897,0.050283581,0.050677749,0.051398383,0.051485759,0.051375294,0.051848915,0.05188812,0.051880545,0.052365905,0.052225788,0.052190814,0.052474845,0.054020609,0.054461045,0.053529813,0.050321535,0.042823274,0.044889256,0.042440055,0.044977584,0.042432314,0.043304432,0.046262977,0.04540754,0.043607435,0.043403019,0.045160103,0.045519856,0.045807588,0.04607069,0.046063404,0.046093227,0.044788207,0.044207831,0.044833043,0.045789237,0.046334226,0.046461634,0.045990417,0.045903998,0.047033668,0.047538092,0.047681482,0.04810647,0.047562419,0.047690481,0.047429566,0.045925263,0.045980642,0.047267005,0.047153337,0.04766235,0.046307205,0.046252568,0.044297833,0.045648888,0.046160807,0.046216493,0.045278271,0.045398671,0.045994616,0.046010165,0.046519156,0.04694454,0.047866498,0.047694508,0.048078288,0.048266291,0.048919532,0.049981275,0.050402047,0.049906462,0.049296567,0.048770841,0.049925863,0.049600642,0.049746458,0.049973725,0.049808737,0.050305689,0.050374693,0.050756886,0.051006287,0.050841253,0.051087743,0.051378421,0.051110004,0.051198099,0.051591614,0.051218996,0.051291652,0.051710565,0.051539688,0.052445215,0.05225999,0.052444861,0.052357194,0.052813831,0.052490298,0.052234921,0.05250679,0.051711277,0.051088275,0.051682124,0.051550686,0.051669239,0.051688019,0.052068468,0.052076325,0.052276815,0.052475679,0.052258854,0.052678712,0.052449551,0.052301519,0.052354335,0.0521193,0.052198639,0.051785271,0.051685094,0.051709777,0.051835537,0.051831076,0.052154018,0.05248006,0.052346198,0.052509961,0.052346367,0.052170206,0.052481112,0.052712029,0.052289806,0.052811225,0.05323821,0.053284803,0.052506058,0.052355483,0.052134445,0.052090277,0.052673362,0.052884344,0.052575474,0.052731057,0.052800131,0.052826698,0.052786654,0.052819473,0.052901609,0.053020492,0.053195155,0.053352153,0.053329313,0.053199854,0.053152282,0.05310019,0.053402674,0.053018249,0.052948692,0.053309468,0.053346562,0.052661836,0.052471042,0.052940478,0.052191074,0.052308029,0.052666173,0.052511981,0.052646756,0.05322483,0.053163011,0.052749861,0.052347567,0.052389153,0.052503316,0.052653472,0.052243446,0.052114631,0.052244606,
2Y,2,0.044582885,0.045021836,0.045495826,0.046593765,0.046097103,0.046633274,0.046046289,0.045585346,0.042911811,0.04339364,0.042710493,0.042688646,0.043640933,0.044304534,0.044538388,0.044183715,0.043975269,0.043980207,0.04391311,0.043920187,0.042903633,0.041959944,0.042123815,0.043232244,0.042875246,0.042014694,0.042558708,0.042739574,0.043181902,0.041570349,0.041556172,0.041693345,0.041188152,0.041770937,0.041952312,0.041659,0.042033536,0.042541532,0.043268027,0.043153811,0.043159435,0.043333651,0.043163361,0.043038326,0.043667449,0.041901952,0.041302249,0.041696949,0.041339415,0.040676756,0.041401268,0.040865591,0.039881444,0.040246088,0.040725204,0.0412267,0.040987335,0.040706775,0.041065192,0.041311884,0.041815392,0.041326395,0.040459922,0.04024801,0.042127335,0.043496609,0.043749585,0.043617787,0.044226655,0.0444277,0.044591303,0.045834634,0.045954376,0.045637636,0.045672405,0.046649433,0.046671625,0.046551363,0.047748604,0.047662724,0.047724642,0.048532318,0.048678412,0.048237691,0.048391712,0.049652468,0.049942055,0.048387332,0.044693581,0.038529092,0.04063378,0.038482565,0.040221137,0.03738388,0.038175294,0.040896622,0.039166287,0.03725885,0.03705262,0.039041959,0.039784269,0.040111689,0.040347102,0.040034692,0.03936203,0.037797929,0.037120399,0.03778314,0.039110964,0.039504484,0.039848014,0.039039877,0.039031603,0.040261652,0.041056543,0.04114273,0.041771358,0.040800694,0.04089224,0.040416558,0.038356459,0.038588467,0.040097471,0.039831474,0.040475397,0.038829461,0.038423461,0.036283874,0.038048946,0.038672082,0.038614752,0.037386866,0.037451315,0.038325472,0.038278957,0.038806887,0.039460468,0.040767466,0.040903917,0.041143043,0.041168727,0.041700965,0.043148772,0.043879282,0.042665471,0.041870761,0.041245425,0.042883303,0.042441717,0.042898446,0.0433636,0.043099358,0.043911793,0.0437231,0.044763416,0.044872857,0.044483747,0.045197756,0.045560281,0.044958079,0.04493168,0.045807652,0.045221158,0.045062055,0.045847892,0.04537529,0.046810139,0.04684765,0.047277171,0.047397419,0.047963001,0.047447897,0.046729019,0.046961389,0.045516811,0.044164616,0.045400366,0.045177959,0.045321318,0.045331372,0.046102602,0.046208608,0.046559328,0.046946658,0.046358828,0.047447648,0.047087393,0.046783812,0.047048196,0.04657798,0.046715575,0.045852776,0.045503747,0.045440432,0.045733121,0.045953177,0.04665652,0.04720263,0.047136602,0.04737543,0.047285248,0.047008882,0.04747298,0.047827138,0.047000651,0.047624319,0.048001638,0.04791204,0.046812438,0.046666617,0.046443567,0.046468651,0.047361952,0.047873317,0.047189333,0.047513923,0.047560419,0.047689129,0.047570044,0.047791596,0.04801838,0.048271189,0.048752418,0.048840421,0.049156274,0.048891997,0.048868447,0.048799301,0.049281077,0.048622282,0.048428486,0.049034918,0.049235306,0.048352752,0.04805044,0.048569212,0.047529191,0.047714371,0.048318701,0.048149965,0.048456087,0.049497161,0.049610874,0.049204052,0.048365621,0.04802715,0.048398544,0.048791184,0.048043903,0.047757531,0.047904201,
3Y,3,0.042002174,0.042344065,0.042748561,0.043833208,0.043385273,0.043884349,0.04320944,0.042644579,0.039630782,0.03998872,0.039091175,0.038758514,0.039719754,0.040485908,0.040672993,0.040013677,0.039761296,0.039746079,0.039715554,0.039741305,0.038629975,0.037470634,0.037342221,0.038513349,0.038133389,0.037203322,0.037890403,0.038219572,0.038737109,0.0372315,0.037211119,0.037200316,0.036834354,0.037473099,0.037828203,0.037666684,0.038007514,0.038640919,0.03941096,0.0394601,0.039403423,0.039405045,0.039150338,0.038768314,0.03931958,0.03731933,0.036799394,0.037344257,0.036896978,0.036071044,0.036791988,0.036360976,0.035129443,0.035511385,0.03615508,0.036722867,0.036380616,0.036202596,0.036610035,0.036904319,0.037503727,0.036914096,0.035801162,0.03567496,0.037597664,0.038985082,0.039224386,0.039050878,0.039764483,0.040009506,0.040189293,0.04142664,0.041701243,0.041533031,0.041417454,0.042501949,0.04242182,0.04216301,0.043466519,0.043239606,0.043264886,0.044187693,0.044583947,0.0440008,0.044088115,0.045019521,0.045180714,0.043655192,0.040528466,0.036259596,0.038079814,0.036298455,0.037641942,0.034779512,0.035612537,0.037807141,0.035927562,0.034117365,0.033957594,0.035762597,0.036476768,0.036707224,0.036781885,0.036353315,0.035548546,0.034031501,0.033479009,0.033945171,0.035257958,0.035672672,0.036081986,0.035241166,0.035325562,0.036496529,0.037333005,0.03730881,0.037883125,0.036869645,0.037005117,0.03647788,0.034472314,0.034777675,0.036220388,0.03583178,0.036548805,0.034877448,0.034441336,0.032632062,0.034301051,0.034923104,0.034867729,0.033658028,0.033630162,0.034554092,0.034496371,0.034976792,0.035617105,0.036883455,0.037221148,0.037477422,0.037400947,0.037766032,0.039191003,0.039906105,0.03849803,0.03770543,0.037136205,0.038766206,0.038391932,0.038769366,0.039305235,0.038878252,0.039710329,0.039557754,0.040704599,0.040708148,0.040133633,0.040959828,0.041410746,0.040642443,0.040575085,0.041501108,0.040957738,0.040664731,0.041475822,0.04093405,0.042541755,0.042609159,0.043149923,0.043483089,0.044295352,0.043849502,0.0429395,0.04303638,0.041408001,0.039884922,0.041184257,0.040882887,0.040939645,0.040833014,0.041888406,0.041981521,0.042389368,0.042920282,0.042098291,0.043463681,0.042995726,0.042673823,0.043121457,0.04267308,0.043047468,0.041947018,0.041602363,0.041424403,0.041719489,0.042145781,0.043067673,0.043613408,0.043687759,0.043943237,0.044082403,0.043668803,0.044277903,0.044600231,0.043592205,0.044107058,0.044360894,0.044159263,0.042984996,0.04286495,0.042596607,0.042796147,0.043658976,0.044291145,0.043606393,0.043900298,0.043991425,0.044095734,0.043924725,0.044188352,0.044452435,0.044647681,0.045243663,0.045241619,0.045805158,0.045444029,0.045555639,0.045503995,0.046101133,0.045473588,0.045163313,0.045954518,0.046409665,0.045596296,0.045261737,0.045783253,0.044682783,0.044763938,0.045511898,0.045220019,0.045676417,0.046978149,0.047303605,0.04716864,0.046151306,0.045582173,0.04599881,0.046594679,0.045644918,0.045284208,0.045429338,
4Y,4,0.040317784,0.040614177,0.040868267,0.041825142,0.041502675,0.041915515,0.041181699,0.040703976,0.037583904,0.037869247,0.036978936,0.036447602,0.03735025,0.038122781,0.038337563,0.037665407,0.037324418,0.037261318,0.037214691,0.037259199,0.036218539,0.034932246,0.034702498,0.035915359,0.035429258,0.034472435,0.035287191,0.035743482,0.036247627,0.034840041,0.034818007,0.034658499,0.034471408,0.035195687,0.035709457,0.035672947,0.035925999,0.036563156,0.037354419,0.037509596,0.03740993,0.037291634,0.037014917,0.036475417,0.036914784,0.034935501,0.034412583,0.035052951,0.034582347,0.033612688,0.03430151,0.034010744,0.032674062,0.033082134,0.033813678,0.034356533,0.033946492,0.033815107,0.034230518,0.034570273,0.03516742,0.034585471,0.033401921,0.033316162,0.035164052,0.036482245,0.036738926,0.036518863,0.037189907,0.037511288,0.037619384,0.038678544,0.039023015,0.038949063,0.038776381,0.039995166,0.03992142,0.039594704,0.040793143,0.040481919,0.040470305,0.041436393,0.041963912,0.041289959,0.041339541,0.041962867,0.042110414,0.040816696,0.037947767,0.034524531,0.03620418,0.034676565,0.035978947,0.033288828,0.034156516,0.036022291,0.034234735,0.032510681,0.032352314,0.034027011,0.034616083,0.034767053,0.034707728,0.034222731,0.033408875,0.032037966,0.031582362,0.031888441,0.033097677,0.033528313,0.033857749,0.033090032,0.033276223,0.034359329,0.035158685,0.035070578,0.035558555,0.034655873,0.03485255,0.034296473,0.032505929,0.032828634,0.03419168,0.03372325,0.034529004,0.032901051,0.032484747,0.030945663,0.032463191,0.033050353,0.032990353,0.031856192,0.031717536,0.032590248,0.032610961,0.033101363,0.033702872,0.034896076,0.035269366,0.035513939,0.035419837,0.035754455,0.037157573,0.037797507,0.036349913,0.035540435,0.035060959,0.036595747,0.036239793,0.036510832,0.037156269,0.036621533,0.03734536,0.037197216,0.038333583,0.038232893,0.037547982,0.038309581,0.038180828,0.037958904,0.037904657,0.038786783,0.03827206,0.037963089,0.038707413,0.038120032,0.039762354,0.039787763,0.040367221,0.04085279,0.041833444,0.041524161,0.040566351,0.040520683,0.038857927,0.037467662,0.038591758,0.038239482,0.038217883,0.038055386,0.039245955,0.039300665,0.039675622,0.040251377,0.039375301,0.040878794,0.040374588,0.040069866,0.040646626,0.040325919,0.040903905,0.039672068,0.03938194,0.039101074,0.039347928,0.03994199,0.040905665,0.041379832,0.041586688,0.041876191,0.042208282,0.041722894,0.042413558,0.042639455,0.041545778,0.042002333,0.042210082,0.041932551,0.040799781,0.040695616,0.040392864,0.04071356,0.041530466,0.042157946,0.041575604,0.041800394,0.041926601,0.041977927,0.041791957,0.042061091,0.042316268,0.042457089,0.043079473,0.043002025,0.043792009,0.043408197,0.043668756,0.043660136,0.044312932,0.043747171,0.043383842,0.044315765,0.045004185,0.044199167,0.043844536,0.044439421,0.043266458,0.043219073,0.044054118,0.043642149,0.044165567,0.045604675,0.046033514,0.046194586,0.045156189,0.044507833,0.044850336,0.045593602,0.044538418,0.04419983,0.04434475,
5Y,5,0.039296882,0.039522093,0.039674846,0.040506991,0.040303006,0.040634892,0.039857459,0.039489263,0.036385725,0.036626619,0.035781952,0.035108383,0.03597197,0.036756166,0.036921683,0.036200529,0.035798899,0.035756573,0.035671565,0.035774141,0.034852634,0.033504217,0.033216424,0.034384025,0.033825188,0.032843766,0.033745804,0.034281512,0.034754416,0.03344354,0.033414149,0.033183626,0.033124214,0.033900949,0.034549499,0.034601828,0.034764589,0.035357353,0.036150234,0.036404993,0.036260568,0.036107391,0.035768335,0.035148203,0.035498064,0.033571437,0.033043056,0.033768976,0.03328507,0.032273915,0.03286732,0.032720815,0.031326771,0.031724255,0.032503342,0.033025343,0.032568438,0.03246255,0.032860376,0.033251988,0.033798955,0.03326122,0.032054035,0.031998985,0.033734016,0.034993875,0.035218872,0.035009426,0.035600956,0.035966476,0.036040672,0.036928853,0.037304192,0.037356723,0.037171613,0.038440922,0.038326795,0.037963641,0.039021181,0.038636319,0.03862702,0.039540818,0.040191099,0.03945786,0.039473221,0.039852547,0.039970182,0.038930481,0.036208488,0.033491117,0.034944123,0.033474696,0.034724487,0.032211956,0.03312095,0.034698922,0.033084112,0.031554599,0.031334146,0.032925114,0.033469271,0.033596218,0.033444439,0.032964055,0.032213974,0.030908921,0.030522509,0.030721222,0.031823059,0.032243833,0.032528713,0.031866613,0.032117322,0.033110687,0.033897021,0.033789857,0.03422535,0.033405302,0.033662911,0.033095584,0.031459807,0.031805984,0.033079928,0.032570495,0.033468297,0.031874325,0.031485966,0.030228068,0.031588344,0.032160205,0.032043017,0.031002444,0.030792758,0.03164451,0.031752153,0.032235849,0.032765613,0.03383961,0.034292158,0.034510502,0.034404487,0.034630283,0.036005421,0.036532924,0.03513198,0.034368105,0.033918724,0.035362553,0.035031463,0.035237705,0.035925066,0.035372949,0.035951723,0.035821309,0.036868456,0.036684578,0.036033649,0.036709112,0.036544169,0.036305547,0.036274992,0.037103832,0.036605315,0.036310994,0.036960619,0.036375746,0.037981151,0.037937622,0.038464443,0.039101045,0.040201253,0.040000432,0.039082179,0.038926606,0.037346745,0.036096326,0.037051534,0.03669636,0.036629476,0.036402883,0.037655371,0.037656872,0.03798977,0.038599875,0.037733975,0.039262174,0.038762595,0.038525783,0.039153043,0.038973337,0.039664997,0.038413866,0.03819044,0.037818238,0.03800707,0.03868125,0.039681785,0.040052919,0.040369523,0.040661458,0.041069285,0.040541771,0.041289799,0.041437919,0.040273229,0.040708204,0.040862797,0.040568878,0.039468479,0.039406979,0.039084895,0.039523093,0.040316596,0.040889835,0.040412689,0.040557823,0.040716391,0.04068827,0.04051626,0.040812638,0.041063151,0.041137241,0.041757452,0.041630094,0.042611516,0.042208252,0.042636895,0.0426532,0.043365285,0.042860672,0.04250722,0.043520692,0.044357906,0.043597255,0.043235161,0.043836934,0.042640069,0.042464671,0.04337298,0.042848089,0.043441818,0.04492923,0.045414492,0.04575085,0.044757875,0.044047929,0.044305401,0.045199743,0.044085764,0.043761789,0.043927975,
6Y,6,0.038534035,0.038658018,0.038776185,0.039536967,0.039421427,0.039734221,0.038881001,0.038646738,0.035571799,0.035792761,0.034988825,0.034146768,0.034972571,0.035699746,0.035823811,0.035071505,0.034631144,0.034600074,0.034519998,0.034671591,0.033932124,0.032467226,0.032204994,0.033330731,0.032643525,0.031652365,0.032591058,0.033213607,0.033625743,0.032367391,0.032356714,0.032086442,0.032154136,0.0329852,0.033759837,0.033847959,0.033926857,0.034539907,0.035375368,0.035675063,0.03544422,0.035295805,0.034868536,0.034159953,0.034449468,0.032612882,0.032080331,0.032885977,0.032386222,0.031366134,0.03195318,0.031912936,0.030534843,0.030866653,0.031679695,0.032146755,0.031644605,0.031581634,0.031962133,0.03236127,0.032826686,0.032419858,0.031248626,0.031181949,0.032801044,0.03399712,0.034272076,0.034037816,0.03455645,0.034997975,0.035020778,0.0357638,0.036177854,0.036301433,0.036147586,0.037417275,0.037282636,0.036896476,0.037839309,0.037451611,0.037419828,0.038331495,0.03902252,0.038241659,0.038236576,0.038424561,0.038474871,0.037621193,0.035100566,0.032913687,0.034226636,0.032736586,0.033907483,0.031561259,0.032415495,0.033842952,0.032371562,0.030981478,0.030745115,0.032259471,0.032749384,0.032857701,0.03269944,0.03221228,0.031507429,0.030289534,0.029922646,0.030059091,0.031109012,0.031513236,0.031758305,0.031187227,0.031490939,0.032371692,0.033130933,0.033036374,0.033403502,0.032657355,0.032937396,0.032361956,0.03087719,0.03123769,0.032424835,0.031877414,0.032880272,0.031345449,0.030996091,0.029949189,0.031185579,0.031748461,0.031647765,0.030677848,0.030398572,0.031186018,0.031366907,0.031835188,0.032296832,0.033254159,0.033749786,0.033996212,0.033843853,0.034030383,0.035288339,0.035716837,0.034388175,0.033681232,0.03328713,0.034611483,0.034334763,0.034451934,0.03520787,0.034606576,0.035088911,0.035005509,0.035962241,0.035724308,0.035082051,0.035669632,0.035577591,0.035241906,0.03522241,0.036066816,0.035528407,0.035259541,0.035819912,0.035269086,0.036824136,0.036712914,0.037201887,0.037925308,0.039051035,0.038959516,0.038134207,0.037896049,0.036426546,0.035239813,0.036069139,0.035730136,0.035648598,0.035373458,0.036619656,0.036573407,0.036887853,0.037481915,0.036684116,0.038211261,0.037748942,0.037559333,0.038222927,0.038152157,0.038962185,0.037674565,0.037527108,0.037094022,0.037219772,0.037919349,0.038918782,0.039220232,0.039591592,0.039888949,0.040374203,0.039822799,0.040636135,0.040684633,0.039472495,0.039879586,0.040012354,0.039707128,0.038645579,0.038608818,0.038278754,0.038821526,0.039586913,0.040085175,0.039669863,0.039752476,0.039957893,0.039863932,0.039701228,0.040018378,0.040298467,0.040313377,0.040930541,0.040770284,0.041873609,0.041466022,0.042072122,0.042092786,0.042812127,0.042391978,0.042041888,0.043114145,0.044049289,0.043309447,0.042990475,0.043589788,0.042374626,0.042095457,0.043055127,0.042426953,0.0430842,0.044566906,0.045048965,0.045510781,0.044604448,0.043870739,0.044035511,0.045016768,0.043892542,0.043635655,0.043794002,
7Y,7,0.037978835,0.038007467,0.038116588,0.038820363,0.038782495,0.039110856,0.038192087,0.038084842,0.035026849,0.035245884,0.034472522,0.033470728,0.034279148,0.034918656,0.035035909,0.034252665,0.033795303,0.033757995,0.033695073,0.033904961,0.033311324,0.031729792,0.031519523,0.03261354,0.031778419,0.030805583,0.031761914,0.032463538,0.032824079,0.031601555,0.031614124,0.031312728,0.031489024,0.032345878,0.033202077,0.033296666,0.033311775,0.03398149,0.034872448,0.035181102,0.034863732,0.03470269,0.034218796,0.033439312,0.033681709,0.031961361,0.03142216,0.032293475,0.031789091,0.030771379,0.031409627,0.031435821,0.030102229,0.030345195,0.031179465,0.031574887,0.03103643,0.031023616,0.031389298,0.031764878,0.032155808,0.031877976,0.030742655,0.030680943,0.032182983,0.033301571,0.03366438,0.033406527,0.033862433,0.034374875,0.034330949,0.034956269,0.03539462,0.035576141,0.035460348,0.036704417,0.036569964,0.036164961,0.037015498,0.036661543,0.03660397,0.037526849,0.038218902,0.037391457,0.037385262,0.037432307,0.037429786,0.036731172,0.034376117,0.0324684,0.033766113,0.03232728,0.03336279,0.031179251,0.031948366,0.033329008,0.031970062,0.030643822,0.030433,0.031874068,0.032313942,0.032394956,0.032272899,0.031764111,0.031077985,0.029965007,0.029587202,0.029686926,0.030711718,0.031094573,0.031302762,0.030836222,0.031160131,0.03192842,0.032647849,0.03257608,0.0328715,0.032204482,0.032480966,0.031902894,0.030556871,0.030918318,0.032027254,0.031443574,0.032543914,0.031089115,0.030781729,0.029890205,0.031025989,0.031584096,0.031527914,0.030622868,0.030282686,0.030973981,0.031219537,0.031671593,0.032073868,0.032937378,0.033439189,0.033732354,0.033545157,0.033731985,0.034862545,0.035204406,0.033926742,0.033263935,0.032937185,0.034138338,0.033916342,0.033955743,0.034770344,0.034115002,0.034533955,0.034500746,0.035371281,0.035092511,0.034459411,0.034963553,0.034865352,0.034532807,0.034514588,0.035377023,0.034784967,0.034545249,0.035043337,0.034515386,0.036017382,0.035850097,0.036320397,0.037081073,0.038170925,0.038190686,0.037478269,0.037175531,0.035820284,0.034667994,0.035399052,0.035081697,0.034991346,0.034683597,0.035891345,0.035813714,0.03611416,0.036670661,0.035961779,0.037478788,0.037062706,0.036888951,0.037597068,0.037606727,0.038536562,0.037221579,0.037145531,0.036669471,0.036731725,0.037444292,0.038409441,0.038661267,0.039051807,0.039366825,0.039925159,0.039365039,0.040227394,0.040186406,0.038945027,0.039330831,0.03944403,0.039127142,0.038119307,0.038085362,0.037756711,0.038378846,0.039129856,0.039546398,0.039183073,0.039209766,0.03945736,0.039305388,0.039154843,0.039492754,0.039798222,0.03975474,0.040367686,0.04017849,0.041368116,0.040970171,0.041732548,0.041773202,0.042455187,0.042115278,0.041766574,0.042869273,0.043874952,0.043149851,0.042886766,0.043504787,0.042273938,0.041900392,0.042893525,0.042191198,0.042884808,0.044332994,0.044795157,0.045361235,0.044547907,0.04380563,0.043888782,0.044910501,0.043808425,0.043642588,0.043779352,
8Y,8,0.03764793,0.037604968,0.037703638,0.038327572,0.038373054,0.038714764,0.037781097,0.037764816,0.034724617,0.034949784,0.0341965,0.033078059,0.033900183,0.034471887,0.034605443,0.033757432,0.033305885,0.033256197,0.033192985,0.033485761,0.03294171,0.031296367,0.031110475,0.032168464,0.031209631,0.030283803,0.031259677,0.032015018,0.032359211,0.031182273,0.031204786,0.030873081,0.031121158,0.032008446,0.032856288,0.032958113,0.032937109,0.033643424,0.034563292,0.034896842,0.034518649,0.034314297,0.033819638,0.033033438,0.033225345,0.031626791,0.031083457,0.032000942,0.031514553,0.030520255,0.031183813,0.031249782,0.029936868,0.030096957,0.03093593,0.031270367,0.030713218,0.030740748,0.03108908,0.031436801,0.031781741,0.031554589,0.030404881,0.030411261,0.031795888,0.03282048,0.033242241,0.033009105,0.033409596,0.033951269,0.033844651,0.034380426,0.034809447,0.035084673,0.034984975,0.036187622,0.036054655,0.035631826,0.036401998,0.036071036,0.036007085,0.036917854,0.037617099,0.03674656,0.036758748,0.036714329,0.036701473,0.036159011,0.033867958,0.032072703,0.033434087,0.032088022,0.032981293,0.030961127,0.031658869,0.032997509,0.031753806,0.030503633,0.030261004,0.031666167,0.032071184,0.032127327,0.032008548,0.03148352,0.03082541,0.02979379,0.029418789,0.02948911,0.030459658,0.030833689,0.031017528,0.030692673,0.030975627,0.031671925,0.032351643,0.032289675,0.032544007,0.031947101,0.03222143,0.031648283,0.030411809,0.030762531,0.031798414,0.031191426,0.032358804,0.030990323,0.030713333,0.029956267,0.030998528,0.031549543,0.031514744,0.030687071,0.030310904,0.030916401,0.031213395,0.031648802,0.031994046,0.032777558,0.033278692,0.033596327,0.033417387,0.033587024,0.034662433,0.034916763,0.033649926,0.033020779,0.032740425,0.033840686,0.033655249,0.033659471,0.034482031,0.033795013,0.034168096,0.034172764,0.034952407,0.034636794,0.034051965,0.034481607,0.034397236,0.03404859,0.034023647,0.03483907,0.034258484,0.034041464,0.034503119,0.033979938,0.035411427,0.035210241,0.035655787,0.036440485,0.037485492,0.037584784,0.036978424,0.0366469,0.035395864,0.034287003,0.034937269,0.034648973,0.03454283,0.034203103,0.035370847,0.035280772,0.035552057,0.036090341,0.035450083,0.03694062,0.036561124,0.036388643,0.037137986,0.037212995,0.038240867,0.03694917,0.036931006,0.03641821,0.036420481,0.037156873,0.03807571,0.03827458,0.038672087,0.039009019,0.039606582,0.039045804,0.039930549,0.039841269,0.038576794,0.03896122,0.039032098,0.038716905,0.037762825,0.037721475,0.037396889,0.038077591,0.038838304,0.03917608,0.038878617,0.038850904,0.039126873,0.038916239,0.038788023,0.03915665,0.039456989,0.039377686,0.03996913,0.039772331,0.041014945,0.040636156,0.041505901,0.041579845,0.042223562,0.041952686,0.04162151,0.042704807,0.043781916,0.043109476,0.042867313,0.043493234,0.042276711,0.04180934,0.042818001,0.042081789,0.042779346,0.044177957,0.044634632,0.04528653,0.044554495,0.043783999,0.043816109,0.044867395,0.043794754,0.043702129,0.043828314,
9Y,9,0.037464818,0.037367574,0.037457524,0.038002183,0.038128005,0.038473293,0.037559781,0.037611543,0.034597737,0.034824986,0.034079112,0.032885189,0.033720964,0.034250341,0.034398436,0.033481572,0.033037016,0.032976288,0.032909187,0.033276142,0.032749043,0.031079852,0.03089102,0.031911408,0.030861465,0.029986893,0.030975445,0.03176721,0.032120034,0.030987897,0.031018203,0.030652736,0.03094792,0.031863898,0.032657394,0.032771063,0.032730931,0.033456583,0.034384732,0.034750451,0.034330664,0.034082138,0.033596004,0.032837805,0.032983457,0.031490134,0.030944858,0.031897868,0.031438938,0.030478493,0.031133996,0.031224393,0.029921385,0.030016263,0.030852356,0.031144138,0.030579074,0.030630926,0.030964078,0.031288254,0.031602471,0.03137898,0.030196697,0.030289598,0.031567919,0.03249416,0.032937968,0.032750589,0.033109473,0.033652425,0.033493889,0.033958922,0.034368612,0.034744044,0.034641539,0.035812881,0.035667377,0.035229121,0.03593236,0.035633695,0.035578089,0.036452563,0.037163242,0.036250595,0.036288943,0.036183499,0.03617902,0.03577322,0.033494783,0.031748274,0.033193154,0.031955711,0.032717438,0.030855854,0.031500741,0.032782926,0.03166105,0.030502351,0.030189088,0.031579758,0.031955889,0.03199157,0.031849077,0.031320204,0.030696054,0.029730029,0.029367983,0.029412064,0.030309024,0.030679435,0.03084569,0.030662503,0.030889937,0.031544941,0.03219401,0.032129868,0.03236152,0.031822374,0.032099765,0.031534394,0.030379952,0.030717451,0.03168636,0.031066117,0.032279455,0.030992392,0.030739044,0.030103012,0.031053011,0.031595983,0.031566353,0.030815536,0.030414851,0.030952212,0.031291909,0.031712425,0.032007875,0.032723995,0.033223812,0.033549172,0.03339729,0.03353955,0.03459192,0.034766026,0.033500323,0.032900071,0.032649338,0.033668506,0.033507248,0.033494556,0.03429861,0.033599294,0.033936959,0.033966716,0.034661849,0.034312216,0.03379347,0.034158566,0.034102279,0.033721439,0.033687758,0.034419979,0.033890934,0.033692324,0.03412994,0.03360427,0.034958111,0.034737673,0.035152373,0.035954029,0.036956729,0.037108904,0.036595791,0.036258772,0.03509661,0.03404277,0.034627428,0.03436927,0.034241606,0.033871444,0.035001088,0.034911367,0.035148239,0.035682477,0.035093058,0.036548049,0.03619595,0.036021198,0.036803067,0.036934024,0.038039155,0.036796616,0.036825272,0.036282832,0.036233394,0.036993418,0.037861638,0.038013417,0.038412668,0.038766766,0.039382296,0.038829553,0.039719194,0.039601005,0.038320592,0.038711997,0.038734044,0.038432901,0.037529171,0.037476679,0.037157869,0.037876405,0.038658237,0.03892657,0.0386933,0.038619856,0.038915465,0.038653572,0.038548009,0.03894619,0.039225062,0.039130104,0.039688247,0.039498581,0.040771935,0.040412079,0.041355689,0.041466167,0.042079003,0.04186442,0.041559892,0.042597809,0.043742385,0.043138228,0.042900339,0.043524214,0.04233802,0.041781899,0.042801021,0.042052159,0.042740105,0.04408093,0.044544714,0.045265875,0.044605754,0.04379774,0.043798016,0.044875502,0.043829271,0.043792593,0.043914562,
10Y,10,0.03735251,0.037208744,0.037300175,0.037795511,0.037987658,0.038326982,0.037446859,0.037561752,0.034588137,0.034804562,0.034051636,0.0328157,0.033635012,0.034144281,0.034285655,0.033328473,0.032872726,0.032807779,0.032751069,0.033152052,0.032675071,0.031002673,0.030792161,0.031778185,0.030670516,0.029830458,0.030814417,0.031635109,0.032009771,0.030909336,0.030957575,0.030552457,0.030883202,0.031789049,0.032540662,0.03266748,0.032612225,0.03335732,0.034289514,0.034673425,0.034218565,0.03395889,0.033470969,0.032735445,0.032850771,0.031429146,0.030883865,0.031872238,0.031435201,0.030507024,0.031131766,0.031240952,0.029960719,0.030013527,0.030848732,0.031118611,0.030548398,0.030606178,0.030931912,0.031240064,0.031523018,0.031299598,0.030102386,0.030253688,0.031447081,0.032282165,0.032715355,0.032561898,0.032899389,0.033434355,0.033237384,0.033641768,0.034046385,0.034494738,0.034377862,0.035549382,0.035366694,0.034917054,0.035569498,0.035336893,0.035296904,0.036120004,0.036837874,0.035881854,0.035943715,0.035792041,0.035790571,0.035479228,0.033213188,0.031544881,0.03303992,0.031906496,0.032553583,0.030837199,0.031441324,0.032659059,0.031659452,0.030586747,0.030210809,0.031582337,0.031923246,0.031942315,0.031774688,0.031256532,0.030659486,0.029760847,0.029407378,0.029428656,0.030256507,0.030616551,0.030763973,0.030678389,0.030889483,0.031515255,0.03214903,0.032076785,0.032284907,0.031790529,0.032074122,0.031514478,0.030419095,0.030749536,0.031659683,0.031031303,0.032282671,0.031063659,0.030834357,0.030305371,0.031162673,0.031699106,0.031674188,0.030983559,0.03055455,0.031041125,0.031419464,0.031828895,0.032087746,0.032750024,0.03324841,0.033576426,0.033443162,0.033563922,0.034576394,0.034687752,0.033443623,0.032871933,0.03264252,0.033594829,0.033452888,0.033416019,0.034202128,0.033503408,0.033812516,0.033856071,0.034484323,0.034103955,0.033645233,0.03395551,0.033924985,0.033515248,0.033476852,0.034139293,0.033653454,0.033473649,0.033885844,0.033363573,0.034647801,0.034412286,0.034796256,0.035605048,0.036567568,0.036758784,0.036325193,0.035989138,0.034897576,0.033903837,0.034438562,0.03420464,0.03405394,0.033659323,0.034749916,0.034666774,0.034878024,0.03540897,0.034863047,0.036282157,0.035952167,0.035778576,0.036581033,0.036760789,0.037927093,0.036727848,0.036795864,0.03623402,0.036145223,0.036914059,0.03773112,0.037854641,0.038252708,0.038612266,0.039240848,0.038706467,0.039593159,0.039440912,0.038154684,0.038548887,0.038534417,0.038256338,0.037398384,0.037334938,0.037023715,0.037758407,0.038559931,0.038772748,0.03858471,0.038481473,0.038793499,0.038496155,0.03840403,0.038819627,0.03907641,0.038979753,0.039503411,0.039323683,0.040616674,0.040266118,0.04127303,0.041412914,0.042000067,0.041828698,0.041547806,0.042544929,0.043740521,0.043186137,0.042966189,0.043586602,0.042425786,0.041793309,0.042830691,0.042068907,0.042753764,0.044032637,0.044507565,0.045282207,0.044690196,0.043852943,0.043825728,0.044925857,0.043897954,0.043908458,0.044023149,
11Y,11,0.037268472,0.037080558,0.037185895,0.037672647,0.037913349,0.038240389,0.037393687,0.037574931,0.034656107,0.03484539,0.034073013,0.032821177,0.033583365,0.034091073,0.034196956,0.033240897,0.032748847,0.032689393,0.032663784,0.033048586,0.032680447,0.031013962,0.030770468,0.03172629,0.030592711,0.029762188,0.030719644,0.031568787,0.031968092,0.030884436,0.030961758,0.03051426,0.030873016,0.031713248,0.032466847,0.032605931,0.032533133,0.033306306,0.034247981,0.034625593,0.034135272,0.033912295,0.033397734,0.032659345,0.032764889,0.031375308,0.030832102,0.031858808,0.031429932,0.03052741,0.031108361,0.031235619,0.030002009,0.030037654,0.030877943,0.03114595,0.030568269,0.030616732,0.030943017,0.03124305,0.031488261,0.031284898,0.030105478,0.03026713,0.031399698,0.032157281,0.032553945,0.032408008,0.032744456,0.033273543,0.033052035,0.033401816,0.033824291,0.034303745,0.034166758,0.035373672,0.035129484,0.034672498,0.035292005,0.035164157,0.035141941,0.035902181,0.036619172,0.035617822,0.035695413,0.0355037,0.035488565,0.035224129,0.032994998,0.031483548,0.032967446,0.031922363,0.032473727,0.03088493,0.031455772,0.032605301,0.031724417,0.030721439,0.030316266,0.031649899,0.031943341,0.031949189,0.031769364,0.031275931,0.030693439,0.029872364,0.029515828,0.029517461,0.030293851,0.030630458,0.030753692,0.03070222,0.030960153,0.031557975,0.032193302,0.032111619,0.032285523,0.031823865,0.032114646,0.031556724,0.030501782,0.030834979,0.031695153,0.031060427,0.032348978,0.031181605,0.030980495,0.030544434,0.031309049,0.031841487,0.03182877,0.031174727,0.030706339,0.031157312,0.031572429,0.031975349,0.032212623,0.032833498,0.033330737,0.033662298,0.03352692,0.033638925,0.034572689,0.034642077,0.033452459,0.03291139,0.032699707,0.033595567,0.033471781,0.033392389,0.034174252,0.033484259,0.033768769,0.033817738,0.034399097,0.033991787,0.033576456,0.033843084,0.033824959,0.033402416,0.033366108,0.033999178,0.033521831,0.033363953,0.033741953,0.033235465,0.034466111,0.034213244,0.034570172,0.035375257,0.036299452,0.036523645,0.036156421,0.035818152,0.034778607,0.033846146,0.034345013,0.034126334,0.033953752,0.033542501,0.034591598,0.034517271,0.034718213,0.035239258,0.034735677,0.036123012,0.035812421,0.035646497,0.036457113,0.036680211,0.037895589,0.036718203,0.036820449,0.036249764,0.036135051,0.036892327,0.037659345,0.03777786,0.038173141,0.038524664,0.039169202,0.038663524,0.039544691,0.039342291,0.03806093,0.038447763,0.038417503,0.038168556,0.037351003,0.037278725,0.036976743,0.037708472,0.038521812,0.038693657,0.038525943,0.038409956,0.038737747,0.038423069,0.03833189,0.03874879,0.03899105,0.038902658,0.039396866,0.039222548,0.040531408,0.040176424,0.041248855,0.041405871,0.041970519,0.041830303,0.041563499,0.04254057,0.043765399,0.043225305,0.043051822,0.043672308,0.042521081,0.041827823,0.042897189,0.042110966,0.042809537,0.044025241,0.044509583,0.045323584,0.044798812,0.043949256,0.043890588,0.045010165,0.04399042,0.04404455,0.044144045,
12Y,12,0.037216978,0.036985254,0.037100327,0.037579797,0.037870044,0.038196989,0.037380253,0.037621416,0.034761166,0.034915965,0.034128893,0.032868395,0.033567606,0.034080932,0.034139895,0.033195545,0.032662266,0.032616318,0.032623895,0.032981338,0.032726648,0.031071051,0.030796015,0.031716028,0.03057664,0.029748106,0.030662135,0.031548047,0.031956697,0.03089873,0.030990428,0.030516974,0.030882922,0.03164934,0.032419876,0.032569241,0.032485442,0.033282186,0.034238939,0.034602052,0.034077834,0.03390034,0.033354789,0.032611955,0.032710191,0.031343467,0.030804758,0.031853416,0.031423334,0.030554327,0.031100211,0.031238469,0.030058574,0.030090605,0.03093176,0.031202969,0.030611979,0.030664192,0.030979838,0.031269912,0.031487637,0.031317704,0.030157113,0.030321695,0.031395679,0.032085413,0.032444038,0.032302764,0.032637947,0.03316763,0.032927599,0.03323078,0.03366764,0.034162371,0.034007984,0.035243221,0.034943626,0.034478248,0.035081903,0.035058013,0.035051729,0.035754778,0.036466719,0.035422009,0.035509928,0.035285838,0.035248419,0.035011527,0.032829402,0.031501552,0.032942424,0.031973895,0.032441278,0.030961847,0.031503739,0.032587083,0.031812443,0.030872636,0.030456366,0.031745847,0.031992208,0.031988306,0.031804575,0.031335681,0.030768856,0.030017668,0.029655823,0.02963896,0.030379436,0.030685362,0.03078416,0.030742098,0.031060165,0.031633685,0.032274304,0.03218994,0.032329011,0.031894756,0.032187155,0.031632719,0.03060789,0.030945596,0.031763095,0.031121184,0.032442076,0.031318196,0.031146575,0.030786181,0.03147028,0.031999679,0.032000771,0.03137017,0.030860302,0.031281645,0.031727794,0.032127171,0.03235116,0.032936323,0.033433517,0.033766763,0.033623501,0.033729318,0.034574444,0.03461262,0.033488829,0.032979456,0.032781341,0.033630019,0.033521,0.033395739,0.034179476,0.033501129,0.03376173,0.033817427,0.034356903,0.033928857,0.033549754,0.033781709,0.03376423,0.033344932,0.033311341,0.033939578,0.033453348,0.033320054,0.033662389,0.033174201,0.034363975,0.03409038,0.034425802,0.035220982,0.036110986,0.036362103,0.036052924,0.035710949,0.034711199,0.03383818,0.034304666,0.03409825,0.033907621,0.03348398,0.034491971,0.034427479,0.034624924,0.035132121,0.034669192,0.036026787,0.035734295,0.035577801,0.036391685,0.036653435,0.037911317,0.036747885,0.036879341,0.03630279,0.036170444,0.036910955,0.037628072,0.037750149,0.03814135,0.038482786,0.039138107,0.038666471,0.039539332,0.039286541,0.038015506,0.038389928,0.038355371,0.038136078,0.037351406,0.037271738,0.036979608,0.037703714,0.038523781,0.038662015,0.038504903,0.038380802,0.038721315,0.038398432,0.038304077,0.038714522,0.038948824,0.038868589,0.039339562,0.039163608,0.040489598,0.040128047,0.041258162,0.041426244,0.04196752,0.041853525,0.041594798,0.042560967,0.043805781,0.043264393,0.043143509,0.043767396,0.04261893,0.041876482,0.042979988,0.042167216,0.042887391,0.044045575,0.04453168,0.045376466,0.044913256,0.044060527,0.04396942,0.045107563,0.044090055,0.044184349,0.044264489,
13Y,13,0.037203056,0.036927885,0.03703446,0.037476229,0.037830702,0.038182698,0.037391651,0.037677472,0.034870359,0.034992706,0.03420783,0.03293361,0.033592651,0.034109282,0.034126086,0.033177514,0.032615596,0.032588009,0.032614558,0.032965898,0.032783674,0.031141346,0.0308448,0.031717805,0.030582288,0.029762467,0.030623509,0.031557948,0.031950349,0.03094221,0.031017254,0.030545473,0.03089087,0.031624004,0.032391499,0.03254863,0.032468664,0.033272102,0.034245494,0.03460333,0.034049854,0.033888079,0.033329527,0.032605416,0.032682228,0.03135636,0.030824564,0.031864019,0.031429378,0.030611869,0.031147195,0.031283156,0.030147973,0.030178686,0.031008431,0.031274873,0.030664466,0.03075275,0.031033914,0.0313042,0.03151753,0.0313825,0.030215323,0.03041061,0.031411258,0.032039747,0.032376783,0.032258131,0.032576383,0.033114318,0.032855107,0.03312148,0.033548574,0.034065411,0.033901655,0.035125387,0.034799326,0.034321156,0.034922715,0.03497105,0.034976816,0.035638576,0.036345037,0.035262177,0.035358586,0.035111544,0.035051623,0.034845449,0.03270565,0.031524251,0.032928478,0.032031354,0.032418781,0.031031225,0.03154735,0.032571224,0.031884036,0.031012837,0.030582328,0.031836889,0.032049977,0.032039861,0.031852253,0.03139519,0.030858504,0.03015277,0.029793641,0.029757999,0.030472258,0.030747887,0.030827158,0.030809339,0.031151268,0.0317081,0.03234652,0.032271419,0.032385721,0.031979243,0.032263448,0.031719106,0.03072117,0.031057818,0.031838279,0.031187137,0.032531284,0.031450457,0.031306151,0.031002794,0.031627413,0.032153432,0.03216379,0.031554183,0.031010062,0.031400541,0.031869099,0.0322662,0.032478799,0.033028397,0.033527129,0.033857607,0.033714399,0.033807798,0.034581351,0.034589922,0.033523678,0.03304538,0.032855928,0.033665865,0.033566344,0.033405391,0.034188857,0.033521434,0.03375714,0.033827359,0.034318772,0.033877419,0.033536235,0.033735984,0.033715346,0.033308373,0.033271674,0.033896301,0.033407801,0.033300533,0.033614511,0.033136712,0.03429242,0.033995757,0.034315964,0.035100127,0.035961273,0.03623187,0.035977248,0.035633854,0.034668687,0.033851348,0.034280334,0.034089262,0.033885895,0.033450513,0.034420811,0.034366808,0.034558865,0.035052092,0.034626493,0.035954044,0.035678762,0.035529158,0.036347842,0.036644249,0.037942201,0.036799013,0.036954649,0.036369181,0.036222495,0.036954526,0.037621251,0.03774246,0.038128438,0.038467196,0.039121009,0.038684068,0.039545334,0.039256088,0.037996142,0.038358509,0.03832172,0.038128783,0.037368743,0.037282301,0.036999709,0.03772243,0.038547668,0.038653645,0.038510567,0.038373255,0.038721817,0.03839219,0.038297387,0.038701199,0.038931669,0.038850056,0.039303032,0.039118794,0.040465202,0.040106786,0.041275217,0.041455598,0.041969746,0.041883361,0.041631903,0.04258162,0.043849859,0.043314385,0.043228409,0.043857262,0.0427155,0.041930665,0.043058829,0.042228148,0.042967045,0.044078289,0.044555591,0.045427203,0.045015732,0.044159663,0.044039789,0.045197528,0.044180673,0.044310942,0.044372216,
14Y,14,0.037192515,0.036877127,0.036960914,0.0373559,0.037774743,0.038165868,0.037395047,0.037716085,0.034958434,0.035054851,0.034279968,0.032996832,0.0336267,0.034142072,0.034124384,0.033161129,0.032581391,0.032572145,0.032604691,0.032967186,0.032829068,0.031197666,0.03088646,0.031711687,0.030583251,0.029774824,0.030585473,0.031569144,0.0319321,0.030980959,0.031027904,0.030568942,0.030885281,0.031617277,0.032366725,0.032529171,0.032458611,0.033263746,0.034247603,0.034606781,0.034026239,0.033858841,0.033303923,0.032612396,0.032659044,0.031383549,0.030862333,0.031878578,0.031437597,0.030671873,0.031213451,0.031340946,0.030247017,0.030274939,0.031089675,0.031343654,0.030715888,0.030850357,0.031092217,0.031335353,0.03155482,0.031448282,0.030264941,0.03050416,0.031425512,0.032004397,0.032329389,0.032244236,0.032538669,0.033090316,0.032811065,0.033047192,0.03345238,0.033993113,0.033824787,0.035008868,0.034675764,0.034183878,0.034785341,0.034882653,0.034898296,0.035528394,0.03622897,0.035113597,0.035220221,0.034957267,0.034876785,0.03470137,0.032598794,0.031530331,0.032905829,0.032071001,0.032384493,0.03106954,0.031565854,0.032538545,0.03192451,0.03112314,0.03067807,0.031904163,0.032096534,0.032083328,0.031891243,0.0314375,0.030938588,0.030262858,0.029912349,0.029859686,0.030554396,0.030802221,0.030864499,0.030880029,0.031219788,0.031764516,0.032397363,0.032337484,0.032434369,0.032054177,0.032326098,0.031794376,0.030822001,0.031154915,0.031903703,0.03124342,0.032603719,0.031563612,0.031442714,0.031182507,0.031762032,0.032285394,0.03230199,0.031712007,0.031142777,0.031503311,0.03198877,0.032383939,0.032585657,0.033100298,0.033601256,0.033926889,0.033787763,0.03386661,0.034583761,0.034563868,0.033546689,0.033095895,0.032911851,0.033689891,0.033595738,0.033408708,0.034188784,0.033530556,0.033743069,0.033830738,0.034273386,0.033823583,0.03352049,0.033690444,0.033665519,0.033275292,0.033231463,0.033851665,0.033366195,0.033284365,0.033576541,0.033104177,0.034230335,0.033910484,0.034219814,0.034993096,0.035826269,0.036110154,0.035906024,0.035563101,0.034630833,0.033863979,0.03425491,0.034080267,0.033867791,0.033421749,0.034358812,0.034315033,0.034500755,0.034979412,0.034587462,0.03588692,0.035625789,0.035481471,0.036304598,0.036632321,0.037966989,0.036846722,0.037022546,0.036427873,0.036268787,0.03699785,0.037617034,0.037734325,0.038114387,0.038455189,0.039100024,0.038695476,0.039543763,0.03922856,0.037978908,0.038330394,0.03829167,0.038122158,0.037381857,0.037289395,0.037015144,0.037740069,0.038570067,0.038645056,0.038519254,0.038365768,0.038720306,0.038384554,0.03829071,0.038689567,0.038918005,0.038830201,0.03926856,0.03907347,0.040438474,0.04008958,0.041283246,0.041476377,0.041962384,0.041902777,0.04165814,0.042587965,0.043879943,0.04335582,0.043291336,0.043924798,0.042792863,0.041971691,0.043116653,0.042274557,0.043027762,0.044100346,0.044563779,0.045457173,0.045090301,0.044228357,0.044084896,0.045262259,0.044244762,0.044407084,0.044451656,
15Y,15,0.037151358,0.036802087,0.036855136,0.037220939,0.037687235,0.038118272,0.037360916,0.037714684,0.03500575,0.035085746,0.034317663,0.033042145,0.033637594,0.034146656,0.034102472,0.033124011,0.032532685,0.03253746,0.032567035,0.032948442,0.032845745,0.031218674,0.030895216,0.031683385,0.030560656,0.029759819,0.030533654,0.031555529,0.031889928,0.030983413,0.031012869,0.030559744,0.030858715,0.031605223,0.032332573,0.032497948,0.032431775,0.033247392,0.034228657,0.034590137,0.033982004,0.033802661,0.03326281,0.03260404,0.032620155,0.031391253,0.030885498,0.031883909,0.031435243,0.030702105,0.031256531,0.031377714,0.030329231,0.030351174,0.031157327,0.031393771,0.030758823,0.030924212,0.03114302,0.031355655,0.031577336,0.031487019,0.030298022,0.030573763,0.031422026,0.03196875,0.03228157,0.03222994,0.032505097,0.033073497,0.032774488,0.032983725,0.033370275,0.03392763,0.033755524,0.034889161,0.034555295,0.034052853,0.034645357,0.034781549,0.034806833,0.035405494,0.036099114,0.034956395,0.035077884,0.034803245,0.034704586,0.034553315,0.032485354,0.031512077,0.032861398,0.032075393,0.032323563,0.031060883,0.031545981,0.032476025,0.031927067,0.031191127,0.030737483,0.031935843,0.032116269,0.032102643,0.031906225,0.031453645,0.030991444,0.030342223,0.030002522,0.029936669,0.030616313,0.03083925,0.030883721,0.03092952,0.031259822,0.031793248,0.032422984,0.032377685,0.032459851,0.032101899,0.032363676,0.031842391,0.030895104,0.031225646,0.031947826,0.031280702,0.032652871,0.031648379,0.031546145,0.031320548,0.03186085,0.032383516,0.032405911,0.031833593,0.031248352,0.031582927,0.032083481,0.032476436,0.032667453,0.033148844,0.033651779,0.03397316,0.033836033,0.033903621,0.034572391,0.034526054,0.03355309,0.033123963,0.032943888,0.033695122,0.033603674,0.033397036,0.034171088,0.033520064,0.033713776,0.033816083,0.034216055,0.033759896,0.033492399,0.033635785,0.033606594,0.033234314,0.03318221,0.033799202,0.033316598,0.033258047,0.033532506,0.033065325,0.034165014,0.033823666,0.034124245,0.034887045,0.035688351,0.035980961,0.035822322,0.035480717,0.034582176,0.033860037,0.034217951,0.034057957,0.033838012,0.03338333,0.034291784,0.034257224,0.034438,0.034900261,0.034538551,0.035814207,0.035562134,0.035423162,0.0362475,0.036604032,0.037970802,0.036870345,0.037063626,0.036463086,0.03629294,0.037019453,0.037596868,0.037710772,0.038084592,0.038427887,0.039062186,0.038685958,0.039521708,0.039184995,0.037944196,0.038285735,0.03824526,0.038097494,0.037375626,0.037278118,0.037010398,0.037736633,0.038571587,0.038617493,0.038509875,0.038340893,0.038702228,0.038361386,0.038267448,0.038663473,0.038889803,0.038797204,0.039222536,0.039017857,0.040394496,0.040056258,0.041270526,0.041474963,0.041934733,0.041898057,0.04165931,0.042570237,0.043881284,0.043368253,0.043320466,0.043956658,0.042835145,0.041983349,0.043141057,0.042289934,0.043053589,0.044092324,0.044542555,0.04545107,0.045125428,0.044254343,0.044092895,0.04528877,0.044268879,0.044460027,0.044490746,
16Y,16,0.037057443,0.036681987,0.036701208,0.037068973,0.037557423,0.038020903,0.037270529,0.037658637,0.03500017,0.035074154,0.034303459,0.033057486,0.033604392,0.034102308,0.034039171,0.03305106,0.032450919,0.032463283,0.032484149,0.032885924,0.032822183,0.031191307,0.030855044,0.031622534,0.030501669,0.029701068,0.030456682,0.031499599,0.031814708,0.030930337,0.030964822,0.030500624,0.03080482,0.031569498,0.03227803,0.032444316,0.032371683,0.033213643,0.034176467,0.034537871,0.033900566,0.0337125,0.03319495,0.032561042,0.032551128,0.031357802,0.030872378,0.031869201,0.031412002,0.030682759,0.031249887,0.031371714,0.030376724,0.030388727,0.031198089,0.03141434,0.030785899,0.030953524,0.031176235,0.031357765,0.031569903,0.031481242,0.030307698,0.03060147,0.031389651,0.031922934,0.032217988,0.032193639,0.032460555,0.033046836,0.032729222,0.032912884,0.033292704,0.033854598,0.033677092,0.034760794,0.034424035,0.033916423,0.03448549,0.03465879,0.034694656,0.035257249,0.035942464,0.034777242,0.03491937,0.034635349,0.034521115,0.034383753,0.032349327,0.031463493,0.032785913,0.032033447,0.032226309,0.030996094,0.031479415,0.032375091,0.031886772,0.031208518,0.030755631,0.031923894,0.032098368,0.032086551,0.031886344,0.031436774,0.031004917,0.030385889,0.030056852,0.029982641,0.030650104,0.03085138,0.030875367,0.030941322,0.031266619,0.031787374,0.032419736,0.032384356,0.032451677,0.032110431,0.032367904,0.031852235,0.030929825,0.031261682,0.031962007,0.031291525,0.032673174,0.031697632,0.031609035,0.03141306,0.031914886,0.032439343,0.032468666,0.031911884,0.031319204,0.031633598,0.032149571,0.032539596,0.032719957,0.033170562,0.033674672,0.03399382,0.033853212,0.033915821,0.034539735,0.034469597,0.033538101,0.033123736,0.03294737,0.033675599,0.033585273,0.033363351,0.034129235,0.033483503,0.03366418,0.033774888,0.034142277,0.033679933,0.033443979,0.033564483,0.03353177,0.033176458,0.033116788,0.033732918,0.033249792,0.033211331,0.033470563,0.033011075,0.034086483,0.033726366,0.034018906,0.034771663,0.035534849,0.035832928,0.035714209,0.035374158,0.034511442,0.033828118,0.034161254,0.034012518,0.033785475,0.033324666,0.034209025,0.034182303,0.034360765,0.034804402,0.034469702,0.035727,0.035478022,0.035345294,0.036166207,0.036549411,0.037942783,0.036855829,0.037064712,0.036463544,0.036283413,0.037004683,0.037547666,0.037660833,0.038028361,0.038371869,0.038997874,0.038644853,0.039469619,0.039112114,0.037878417,0.03821079,0.038168677,0.038041706,0.037339068,0.037237614,0.036974295,0.03769834,0.038538717,0.038557903,0.03846767,0.038286182,0.038656782,0.038312117,0.038215809,0.038611285,0.038834308,0.038741879,0.039154691,0.038943843,0.040322572,0.039992838,0.041228184,0.041441397,0.041878553,0.041859285,0.041625278,0.042520907,0.043843613,0.043337935,0.04330749,0.043943608,0.042831599,0.0419546,0.043123335,0.042263099,0.043033918,0.044041427,0.0444825,0.045398961,0.045113226,0.044229772,0.04405587,0.045268251,0.044244371,0.04446145,0.044481431,
17Y,17,0.036906682,0.036511268,0.036498308,0.036885883,0.037380181,0.037867674,0.037122199,0.037544439,0.034939784,0.035014278,0.034234213,0.033031191,0.033522398,0.034006666,0.033929805,0.032937472,0.032329051,0.032344926,0.032354195,0.032775837,0.032753002,0.031115253,0.030765186,0.031522536,0.030401281,0.029595533,0.030344478,0.031395544,0.031699365,0.030822595,0.03087691,0.030391127,0.030715697,0.031494641,0.032190367,0.032356907,0.03227042,0.03314722,0.034082468,0.034442318,0.033778239,0.03358532,0.033092859,0.032477198,0.032445112,0.031279981,0.030815614,0.031822128,0.031356747,0.030614034,0.031191918,0.031319183,0.030380361,0.030380086,0.031200586,0.031397895,0.03078305,0.030933953,0.031177261,0.031328978,0.031525242,0.03142907,0.030283706,0.030584398,0.031323849,0.031853055,0.032127686,0.032125771,0.032393219,0.03299628,0.03266254,0.032822635,0.033203789,0.033761263,0.033577365,0.0346148,0.034272316,0.033763777,0.034300498,0.034508014,0.034554981,0.035077966,0.035753585,0.034570198,0.034735471,0.034443353,0.034315668,0.034184919,0.032183215,0.031379128,0.032673874,0.031944522,0.032090491,0.030879386,0.031366145,0.032233224,0.031800837,0.031174116,0.030728323,0.031865952,0.032038216,0.032029675,0.031826015,0.031381474,0.030974505,0.030388478,0.030069962,0.029990587,0.030647453,0.030830286,0.030831934,0.030910768,0.031235953,0.031743439,0.032382376,0.032352811,0.032405275,0.032076186,0.032334118,0.031820671,0.030921921,0.031257879,0.031940213,0.031268767,0.032658394,0.03170633,0.031627709,0.031457925,0.031922432,0.03244989,0.032487129,0.031944881,0.031350791,0.031649838,0.032180954,0.032567152,0.032737095,0.03315923,0.033663872,0.033981697,0.033834107,0.033896095,0.034477799,0.034386563,0.033493601,0.033088973,0.032916289,0.033624011,0.03353414,0.033300086,0.034056514,0.033415366,0.033587065,0.033700869,0.034044258,0.033574857,0.033367183,0.03346791,0.033432489,0.033092532,0.033026235,0.03364306,0.033156941,0.033135461,0.033381456,0.032931467,0.033984342,0.033607511,0.033892539,0.034635037,0.035356408,0.035658225,0.03557443,0.035236316,0.034410511,0.033761809,0.034076581,0.033936725,0.03370271,0.033237742,0.034101126,0.034081387,0.034259118,0.034683434,0.03437292,0.035615604,0.03536575,0.035239288,0.036053984,0.036461384,0.037875821,0.036798304,0.037021425,0.03642311,0.036234414,0.03694815,0.037462266,0.037576749,0.037938084,0.038279192,0.038899654,0.038565421,0.039380446,0.039002702,0.037774893,0.038098895,0.038055244,0.037948018,0.037265015,0.037160588,0.036900009,0.03761933,0.038464987,0.038459758,0.0383852,0.038194226,0.038575852,0.038228419,0.038128893,0.038525564,0.038744305,0.038655501,0.039056287,0.038841535,0.040215893,0.039892591,0.041148976,0.041368995,0.041786442,0.041780322,0.041550376,0.04243331,0.043762174,0.043260515,0.043248828,0.043882225,0.042779067,0.041881442,0.043059644,0.042190483,0.042966279,0.043944579,0.044379526,0.045299486,0.04505136,0.044154459,0.043971807,0.045198014,0.044170656,0.04441061,0.044422062,
18Y,18,0.036698328,0.036287379,0.036247742,0.036656879,0.037151565,0.037655212,0.036917014,0.037370753,0.034824598,0.034901936,0.034109553,0.032953346,0.033390357,0.033860767,0.033773006,0.032780647,0.032162786,0.032180964,0.032177959,0.032618182,0.032634475,0.03099231,0.030627468,0.03137812,0.030256295,0.029442656,0.030188351,0.031240222,0.03153786,0.030664122,0.030743079,0.030233585,0.030584034,0.031367855,0.032058209,0.032225667,0.032122513,0.033033861,0.033939721,0.034298065,0.033613865,0.033418815,0.03295052,0.032349324,0.032297341,0.031158202,0.030711361,0.031731822,0.031259724,0.030499585,0.031085696,0.031219979,0.030333978,0.030320904,0.031155518,0.031338643,0.030737143,0.030864691,0.031132872,0.031257419,0.031438452,0.031331508,0.030216643,0.030522815,0.031221751,0.031746406,0.032001907,0.032020218,0.032293479,0.032910332,0.032564104,0.032703656,0.033088703,0.033636829,0.033446627,0.034442487,0.034092244,0.033585428,0.034087572,0.03432379,0.03438177,0.034865684,0.035530973,0.034333442,0.034520599,0.034221051,0.034081616,0.033953852,0.031983769,0.031255276,0.032522354,0.031810794,0.031916826,0.030717865,0.031208705,0.032050661,0.031668101,0.031088624,0.030652481,0.031761636,0.031933654,0.031929126,0.031722127,0.031283994,0.030898188,0.03034546,0.030037669,0.029954486,0.030601393,0.030769095,0.030747924,0.030836447,0.031164692,0.031659624,0.032306582,0.032280001,0.03231835,0.031998113,0.032259431,0.031746741,0.030869149,0.031210615,0.031878122,0.031206766,0.032603369,0.03167063,0.031599694,0.031453402,0.031883445,0.032413653,0.032459287,0.031931633,0.03133968,0.03162703,0.032171889,0.032553291,0.032713362,0.033109255,0.033614048,0.033930089,0.033774736,0.033837954,0.034380364,0.034270852,0.0334126,0.033014725,0.032845666,0.033534452,0.033445118,0.033201389,0.033947927,0.033311827,0.03347666,0.033589843,0.03391572,0.033437744,0.033255933,0.033339469,0.033302129,0.032975549,0.03290351,0.033521526,0.033031528,0.033024063,0.0332587,0.032818715,0.033850682,0.033458443,0.033736641,0.034468078,0.035147335,0.035452446,0.035398987,0.035063436,0.034274056,0.033657286,0.033957771,0.033825685,0.033584863,0.033117096,0.033961382,0.033948326,0.034125617,0.034531708,0.034242745,0.035472721,0.035220231,0.035098959,0.035906837,0.036335343,0.037765282,0.036695977,0.036932153,0.036337994,0.03614262,0.036847631,0.03733656,0.037453373,0.037808769,0.038145044,0.038762578,0.038443473,0.039249548,0.038852803,0.037630227,0.037946791,0.037901711,0.037812765,0.037148846,0.03704229,0.036783328,0.037496921,0.038346962,0.038319666,0.038258371,0.038060595,0.038453871,0.038104489,0.038002607,0.038401638,0.038615597,0.038531621,0.038921159,0.038703229,0.040070426,0.03975214,0.041027858,0.04125343,0.041653184,0.041657457,0.04143138,0.04230281,0.043634742,0.043134791,0.043142941,0.043771331,0.042676822,0.041762493,0.042948283,0.042071209,0.042850741,0.043801857,0.04423211,0.04515402,0.044939509,0.044030362,0.043840864,0.045077591,0.044049416,0.044308773,0.044313009,
19Y,19,0.036433439,0.036010065,0.035952504,0.036372061,0.036870257,0.037382536,0.036657463,0.037137915,0.034655555,0.034734733,0.033930195,0.032816762,0.033208338,0.033666595,0.03356894,0.032579772,0.031950044,0.031971567,0.031957457,0.032414215,0.032464611,0.030824885,0.030444432,0.031186266,0.030065336,0.029243213,0.029982667,0.031032389,0.0313267,0.030459289,0.030559613,0.030031094,0.030405098,0.031180042,0.031873617,0.032043695,0.031924815,0.032863206,0.033743881,0.034101982,0.033407832,0.033212475,0.032764306,0.032175926,0.032105218,0.030993763,0.030557427,0.031590427,0.031114005,0.030343224,0.030934514,0.031074793,0.030233108,0.03020825,0.03105593,0.031232505,0.030638192,0.030745681,0.031032996,0.031134294,0.031306364,0.03119014,0.03009963,0.030417451,0.031081905,0.031593796,0.031834723,0.031872987,0.032154533,0.032780595,0.032426528,0.032549512,0.032936632,0.033473746,0.033278231,0.034238325,0.033878983,0.033375267,0.033846141,0.034103267,0.034171603,0.034617638,0.035272157,0.034064124,0.034269096,0.03396224,0.03381233,0.033686863,0.031747308,0.031088474,0.032328311,0.031633417,0.031704974,0.030516371,0.031008355,0.031826645,0.031487105,0.030952421,0.030525555,0.031610298,0.031782616,0.031782288,0.031571866,0.031141048,0.030774222,0.03025334,0.029956827,0.029869707,0.030506472,0.030662297,0.030618751,0.030717088,0.031050205,0.03153424,0.032188738,0.032163355,0.032188822,0.0318752,0.032141386,0.031629521,0.030769748,0.031117069,0.031772229,0.031100952,0.032503979,0.031587625,0.031523232,0.031398499,0.031798009,0.032329584,0.032383747,0.031871685,0.031283444,0.031561699,0.032118122,0.032493681,0.032644594,0.033016205,0.033520975,0.033833681,0.033671879,0.033736194,0.034242138,0.034117117,0.033289326,0.032896899,0.032731411,0.033401957,0.033313832,0.033062246,0.033799072,0.033169441,0.033327917,0.033438041,0.033751069,0.03326244,0.033104942,0.033173325,0.033134814,0.032819454,0.032742469,0.033361338,0.032867805,0.032871627,0.033096603,0.032666164,0.033678591,0.033271537,0.033543659,0.0342627,0.034901926,0.035210934,0.035183791,0.034851633,0.034097217,0.03351112,0.033799413,0.033675059,0.033427575,0.032957855,0.033783793,0.033777606,0.033953719,0.034343963,0.034074236,0.035291856,0.03503671,0.03491873,0.035720873,0.03616709,0.037607104,0.036547087,0.036795386,0.036204984,0.036005127,0.036701032,0.037166761,0.037286109,0.037635894,0.037965035,0.038582107,0.038275205,0.039072695,0.038658582,0.037441067,0.037751177,0.037704776,0.037632453,0.03698645,0.036878488,0.036620466,0.037328503,0.038181474,0.038134322,0.038083436,0.037881205,0.038285937,0.037935216,0.037833163,0.03823527,0.038444295,0.038364596,0.038743805,0.038522179,0.039882297,0.039568173,0.040860354,0.041090842,0.041474072,0.041487266,0.041265286,0.042125198,0.043459052,0.042959335,0.042988269,0.043609632,0.042523985,0.041596211,0.042787525,0.041904139,0.042686949,0.043612704,0.044038386,0.044963012,0.044777052,0.043858562,0.043662639,0.044906185,0.043881526,0.044156646,0.044154213,
20Y,20,0.036111461,0.035677607,0.035613268,0.036021976,0.036533651,0.037047433,0.03634415,0.03684504,0.034432662,0.034510037,0.033695903,0.032615223,0.032975525,0.033424767,0.033316691,0.032333146,0.031688048,0.031715769,0.031693109,0.032163881,0.03224105,0.030614092,0.030217198,0.030943604,0.029826342,0.0289968,0.029721883,0.030770019,0.031062016,0.030210531,0.030322662,0.029785071,0.030174239,0.030923119,0.031629386,0.031804618,0.031673828,0.03262625,0.033490536,0.033850619,0.033159337,0.032964765,0.032530371,0.031954966,0.031865681,0.030786898,0.030351387,0.031391096,0.030913435,0.030147242,0.030740308,0.030883538,0.030073929,0.030039435,0.030896019,0.031075864,0.030477967,0.030576455,0.030869349,0.03095214,0.031125893,0.031005601,0.029926765,0.03026851,0.030902478,0.031387189,0.031620562,0.031680197,0.031970293,0.032599811,0.032243264,0.032354269,0.03273817,0.033265149,0.033065988,0.033996717,0.033627435,0.033127189,0.033574281,0.03384291,0.033920573,0.034331978,0.034975539,0.033760383,0.03397681,0.033662349,0.033502926,0.033381401,0.031471212,0.030876094,0.032089515,0.031413458,0.031454919,0.030278981,0.030766298,0.031560837,0.031256821,0.030765833,0.030345512,0.031411498,0.031583534,0.031587147,0.031373065,0.030950082,0.030601229,0.030109273,0.029824845,0.029732483,0.030358291,0.030505486,0.030440799,0.030551696,0.030890414,0.031365992,0.032025991,0.032000842,0.032015087,0.031706667,0.031978048,0.031468297,0.030622278,0.030974945,0.031619735,0.030947676,0.032356921,0.031454924,0.03139683,0.031292272,0.031666121,0.032196772,0.032259304,0.031764552,0.031180029,0.03145099,0.032016143,0.032384755,0.032527381,0.032876515,0.033381257,0.033688205,0.033522963,0.033586658,0.034058989,0.03392123,0.033119222,0.032732257,0.03257028,0.033222626,0.033136856,0.032878751,0.033606552,0.032985564,0.033136935,0.033242574,0.033546013,0.033044219,0.032910118,0.032964986,0.032926028,0.032619555,0.032538364,0.033157082,0.032661343,0.032673876,0.03289077,0.032468632,0.033462733,0.033040929,0.033307799,0.034012704,0.03461598,0.034930313,0.034925842,0.034598065,0.03387629,0.033320674,0.033597335,0.033481503,0.033227503,0.032756276,0.033563763,0.033565005,0.033738386,0.034116222,0.033863618,0.035068029,0.034811595,0.034694336,0.035493189,0.035953418,0.037398135,0.036350306,0.03660996,0.036021551,0.035819672,0.03650676,0.036949985,0.037071424,0.037416002,0.037735814,0.038354787,0.038057704,0.038846656,0.038417168,0.037204915,0.037509613,0.037462002,0.037404451,0.036774661,0.036665922,0.036408516,0.037112115,0.037966105,0.03790125,0.03785753,0.037652946,0.038068265,0.037716654,0.037617682,0.038023222,0.038227447,0.038150066,0.038520004,0.038293176,0.039648598,0.039338219,0.040643011,0.040878253,0.041245502,0.041267138,0.041049805,0.041897251,0.04323342,0.042733122,0.042783641,0.043396175,0.042319916,0.041381473,0.04257608,0.04168847,0.042474712,0.043376835,0.043797038,0.044726986,0.044563576,0.043640033,0.043436944,0.044683258,0.043667792,0.043954852,0.043945703,
25Y,25,0.034090965,0.033645166,0.033626931,0.033810692,0.034424043,0.034922135,0.03439044,0.0349689,0.032874834,0.03296072,0.032115254,0.03106777,0.031401508,0.031845861,0.031652386,0.030699519,0.029954243,0.030037502,0.030015174,0.030511803,0.030686438,0.029165582,0.028687751,0.029288723,0.028194156,0.027327151,0.027955112,0.0290252,0.029288147,0.028630871,0.028655538,0.028216032,0.028557277,0.029119607,0.029875865,0.030123271,0.029974468,0.030890634,0.031776366,0.032155104,0.031526754,0.031349222,0.030919758,0.030390432,0.030257694,0.029313201,0.028912085,0.029920482,0.029457319,0.028860502,0.029442477,0.029573218,0.028809918,0.028755714,0.029607195,0.029866725,0.029168956,0.029354308,0.029526641,0.029566945,0.029825024,0.029716597,0.028601935,0.029132159,0.029621366,0.029906901,0.030167673,0.030297147,0.030591961,0.031218371,0.030893049,0.030953768,0.031269456,0.03179577,0.031567025,0.032440898,0.03200769,0.031531201,0.031943482,0.032179115,0.032283894,0.032568125,0.033157202,0.031941205,0.032157267,0.03180106,0.031605562,0.031533911,0.029756085,0.029439161,0.030535126,0.02998769,0.029908265,0.028841777,0.029239959,0.029904213,0.029723661,0.029425774,0.02900122,0.030031039,0.030174104,0.030212021,0.029974246,0.029585696,0.029314004,0.028940435,0.02869662,0.028580509,0.029122967,0.029263181,0.029133117,0.029350098,0.02969638,0.030140476,0.030804964,0.030774467,0.030751578,0.03047265,0.030761848,0.030271042,0.029452953,0.029823395,0.030425134,0.029750475,0.031156382,0.030334828,0.030323219,0.030314657,0.030580169,0.031088229,0.031200336,0.030799425,0.03023326,0.030460176,0.031036226,0.031355563,0.031467403,0.031720073,0.03223119,0.032490621,0.032336253,0.032380915,0.032710934,0.032521004,0.031825064,0.031475855,0.031316352,0.031893455,0.031818905,0.031539752,0.032232857,0.031680917,0.031772988,0.03186917,0.032132481,0.031585986,0.031538763,0.031526539,0.031491668,0.031219015,0.031127572,0.031734172,0.031243707,0.031276553,0.031453792,0.031067768,0.03197301,0.031472285,0.031718355,0.032354721,0.032819529,0.033164356,0.033262363,0.032961332,0.032365165,0.031968288,0.032176974,0.032112532,0.031841417,0.031362538,0.032066098,0.032103783,0.03225498,0.032597583,0.032409947,0.033529584,0.033285086,0.033152159,0.033981689,0.034467131,0.035894419,0.034951192,0.03524788,0.034653879,0.034449986,0.035108379,0.035432399,0.035543755,0.035863514,0.036116838,0.036776962,0.036517145,0.037267445,0.036784496,0.035604772,0.035865819,0.035826315,0.035818881,0.035266657,0.035155726,0.034918992,0.035605474,0.036447903,0.036295534,0.036274918,0.036071654,0.036524726,0.036172286,0.036104613,0.036546732,0.03671259,0.036628217,0.03696012,0.036690227,0.038042481,0.037766311,0.039100764,0.039357676,0.03964384,0.039718032,0.03950732,0.040299954,0.041656844,0.041157432,0.041312445,0.041869779,0.040841074,0.039872852,0.041057855,0.040167776,0.040963169,0.041748926,0.042129021,0.043130943,0.042996391,0.042129456,0.041874409,0.043076357,0.042181523,0.042508137,0.042452267,
30Y,30,0.032350469,0.031978957,0.031936083,0.032133808,0.032557664,0.033134748,0.032671815,0.03339413,0.031360755,0.03159654,0.030699313,0.029732983,0.029909174,0.0303437,0.030036852,0.029055536,0.028304298,0.028425749,0.028400602,0.028864856,0.029216742,0.027622436,0.027102811,0.027701084,0.026570993,0.025810687,0.026354931,0.027438336,0.027635841,0.027125842,0.027053194,0.026671367,0.02698068,0.027725292,0.028250409,0.028617279,0.028455138,0.029403553,0.030288543,0.03066613,0.029878147,0.029734379,0.029404731,0.028769815,0.028741443,0.027920755,0.027622193,0.028639918,0.028163909,0.027603221,0.02816156,0.028362455,0.027700629,0.027640326,0.028503217,0.028735695,0.028057967,0.028265363,0.028407571,0.028417973,0.028625005,0.028430817,0.027445249,0.027945461,0.028268409,0.028649515,0.028891067,0.028916069,0.029163741,0.029871881,0.029558349,0.029475113,0.029784523,0.030354634,0.030022952,0.030928602,0.030404808,0.029921317,0.030318038,0.030535023,0.03064856,0.030848239,0.031390163,0.030197034,0.03044095,0.030056766,0.029848112,0.02981609,0.028163057,0.028085784,0.029102664,0.028663745,0.028489979,0.027509548,0.027844538,0.028402237,0.02835368,0.028164503,0.027750883,0.028731043,0.028809814,0.028908338,0.02865728,0.028275012,0.028043066,0.027783035,0.027536587,0.027450351,0.027885068,0.028033166,0.02790631,0.028210197,0.02851005,0.028895929,0.029570982,0.029527747,0.029481363,0.029255977,0.029543807,0.029044208,0.028262892,0.028648461,0.029201882,0.028561008,0.029869179,0.029169875,0.029219798,0.029309977,0.029432094,0.029939243,0.030098218,0.029743409,0.029229677,0.029367812,0.029943765,0.030218354,0.030301736,0.030472756,0.030996609,0.031237775,0.031067687,0.031128633,0.031339233,0.031074838,0.030511349,0.030195422,0.03001296,0.03057872,0.030480695,0.030186013,0.030847843,0.030354836,0.030382324,0.030506408,0.030712445,0.030234692,0.03020558,0.030115544,0.030081863,0.029862774,0.02977474,0.030375902,0.029888658,0.02993397,0.030054269,0.029722422,0.0305406,0.029962639,0.030185956,0.030802337,0.031129517,0.031476127,0.031693905,0.031399425,0.030889696,0.030631046,0.03078091,0.0307434,0.030486946,0.03000436,0.030613083,0.0306588,0.03081425,0.031101585,0.030954008,0.032000927,0.031756965,0.031632721,0.032517206,0.032999293,0.034424511,0.03358168,0.03387347,0.033298137,0.033054751,0.033708658,0.033928269,0.033998625,0.034292778,0.034491611,0.035200769,0.034990152,0.03571239,0.035197555,0.034049971,0.034216582,0.034216295,0.034220118,0.033772742,0.033653469,0.033481435,0.034124525,0.03495911,0.034699198,0.034733191,0.03452942,0.034999992,0.034644855,0.034557706,0.035071844,0.035172031,0.035093828,0.035390235,0.035095191,0.036393475,0.036192161,0.037554473,0.037815738,0.038029162,0.038162337,0.037903152,0.038692221,0.040048011,0.03956927,0.039784953,0.040309053,0.03930933,0.038325484,0.03949079,0.038598736,0.039358648,0.040020289,0.040368453,0.04143685,0.041276341,0.040536105,0.040238376,0.041357581,0.040588743,0.040984836,0.040873988,
35Y,35,0.030552284,0.030237864,0.030291999,0.030407458,0.030722579,0.031299866,0.030901936,0.031539408,0.029647647,0.029815245,0.029026264,0.028305386,0.028237434,0.028621411,0.028307581,0.027257817,0.026657865,0.026879805,0.026725957,0.027164116,0.027483569,0.025968136,0.025456529,0.026049184,0.024995181,0.025068409,0.024700704,0.025752763,0.025919669,0.025512726,0.025521874,0.024865342,0.025284595,0.026184041,0.026635264,0.027077956,0.027011083,0.027746918,0.028639574,0.029115906,0.028287139,0.028145348,0.028138788,0.0272646,0.02724437,0.027498376,0.026137633,0.027129726,0.026671265,0.02614426,0.026519468,0.026911,0.026323143,0.026270316,0.027121718,0.027371594,0.026663415,0.026863197,0.027016128,0.027026339,0.027226907,0.027032557,0.026083982,0.026638739,0.026900666,0.02725981,0.027461748,0.027445837,0.027725948,0.028399419,0.02811,0.02795783,0.028277715,0.02875622,0.028410277,0.029343899,0.028771884,0.028081816,0.02862901,0.028831824,0.028971788,0.029154909,0.029669512,0.028500225,0.02872538,0.028347869,0.028154629,0.028118807,0.026590981,0.026501316,0.02751751,0.027188547,0.02702591,0.026068331,0.026388006,0.026931294,0.026865498,0.026716772,0.026336865,0.027271195,0.027333492,0.027365775,0.027146453,0.026736468,0.026554984,0.026285642,0.026185126,0.026072287,0.026511416,0.026650725,0.026510419,0.026812772,0.027090705,0.027496499,0.028153563,0.028113785,0.028074002,0.027861253,0.028116529,0.027643626,0.026924994,0.027305777,0.027840769,0.027194038,0.028478601,0.027814941,0.027859218,0.028015202,0.028178013,0.028676606,0.028767762,0.028433172,0.027957946,0.028060408,0.028637868,0.02892219,0.028970765,0.029107247,0.029593477,0.029837395,0.02966571,0.029753141,0.029929395,0.029659553,0.029087289,0.028776975,0.028632205,0.029179346,0.029095699,0.028786801,0.029417887,0.028927081,0.028953667,0.029047035,0.029264032,0.028758335,0.028761428,0.028682556,0.02865307,0.028434593,0.028348381,0.028933317,0.028457037,0.028517192,0.02866268,0.028329752,0.029117272,0.028500844,0.028732146,0.029286539,0.029564176,0.029959547,0.030156016,0.029856987,0.029422794,0.029202702,0.029365642,0.029322663,0.029045927,0.028592082,0.029186583,0.029221714,0.029367183,0.029651313,0.029495848,0.030538073,0.03028086,0.030169094,0.031011414,0.031507089,0.032908825,0.032072453,0.032378097,0.031808784,0.031570249,0.03220299,0.032411715,0.032479204,0.032777747,0.032983724,0.033634834,0.033440911,0.034121379,0.033615742,0.032483632,0.032657441,0.032649694,0.032613083,0.032200107,0.032081919,0.031902483,0.032540901,0.033360261,0.033123696,0.033111922,0.032932261,0.03339048,0.033024648,0.032960061,0.033457886,0.033578672,0.033477207,0.033769591,0.033483209,0.034719854,0.034541671,0.035852049,0.036103052,0.036300897,0.036416496,0.036175953,0.036901817,0.038229431,0.037771626,0.037965633,0.038495928,0.037546967,0.036581355,0.03774125,0.036877441,0.037605462,0.038260689,0.038585234,0.039578978,0.039463836,0.038720128,0.038437555,0.039563982,0.038759999,0.039166767,0.039068304,
40Y,40,0.028708053,0.028478098,0.028607881,0.028654824,0.028932529,0.029494883,0.029141313,0.029677764,0.027861446,0.027984951,0.027262554,0.026714948,0.026554676,0.026879823,0.026598369,0.02555489,0.025047492,0.025338232,0.025056008,0.025498765,0.025694814,0.024322853,0.023828659,0.024420318,0.0234539,0.023851644,0.023086966,0.024076289,0.024261639,0.023869938,0.02398542,0.023154911,0.023650438,0.024557738,0.025040934,0.025498698,0.025522507,0.026073196,0.026959203,0.027460228,0.026711294,0.026548937,0.026739163,0.025844821,0.025748324,0.026537087,0.024637338,0.025561388,0.025137184,0.024647524,0.024903727,0.025331036,0.024758661,0.024700659,0.025539708,0.025834759,0.025093053,0.025293662,0.02545661,0.025472777,0.025690595,0.02552583,0.024584855,0.025165799,0.025465851,0.025755598,0.025855802,0.025904161,0.026200239,0.026811701,0.026511097,0.026369699,0.026645706,0.027041139,0.026723254,0.027586361,0.027091376,0.02627244,0.026904874,0.027099486,0.027245997,0.027442239,0.027954654,0.026793366,0.026983203,0.026628803,0.02644937,0.02640692,0.024972118,0.024832275,0.025830667,0.025577529,0.025450623,0.024530362,0.02485944,0.025422974,0.025284854,0.025135908,0.024804283,0.025698378,0.025770136,0.025691232,0.025498517,0.025094066,0.024945035,0.024620457,0.024702717,0.024564304,0.025035929,0.025139411,0.024994782,0.025232864,0.025526871,0.02598478,0.026621246,0.026593749,0.026530975,0.026309699,0.026577702,0.026131453,0.025433177,0.02579707,0.02638435,0.025717574,0.027005826,0.026296666,0.026310727,0.026555273,0.026745745,0.027235325,0.027309822,0.026981416,0.026465413,0.026647237,0.027197986,0.027438551,0.027461374,0.027645972,0.028090134,0.028349603,0.028161316,0.028219762,0.02844563,0.02819116,0.027577379,0.027264892,0.027169705,0.027669819,0.027596494,0.027327233,0.027901062,0.027414591,0.027437338,0.02751807,0.027754139,0.027213375,0.027222401,0.027179983,0.027156248,0.026940559,0.026832507,0.027384396,0.026929957,0.027027347,0.027208565,0.026843617,0.027606724,0.027002927,0.027233968,0.027721337,0.027991982,0.028431684,0.028573091,0.028279829,0.027905167,0.027658005,0.027841873,0.027797984,0.027528434,0.027097805,0.027701458,0.027726117,0.027864339,0.02816048,0.02798559,0.029033692,0.028767444,0.028651582,0.029407523,0.029928247,0.031298613,0.03043478,0.030763645,0.030193561,0.029980008,0.03058314,0.030821323,0.030906594,0.031206822,0.031444868,0.032010065,0.031806061,0.032458623,0.031964467,0.03085024,0.03106247,0.031021809,0.030962329,0.030533303,0.030424137,0.03020534,0.03085795,0.031646468,0.03148339,0.031404148,0.031246741,0.031675317,0.031309592,0.03126885,0.031722922,0.031887523,0.031772807,0.032060669,0.031788425,0.032981739,0.032784711,0.034017185,0.034261075,0.034467516,0.034544479,0.034350566,0.03500716,0.036281425,0.035833976,0.035970857,0.036508808,0.035615783,0.034691783,0.035829522,0.035011057,0.035725085,0.036398766,0.036701952,0.03757746,0.037530579,0.036735273,0.036493235,0.037640702,0.036763554,0.037147618,0.037090038,