,XLB,XLE,XLF,XLI,XLK,XLP,XLRE,XLU,XLV,XLY,ADA-USD,BTC-USD,XRP-USD
0,75.93712,77.37724,31.110395,95.40342,134.26639,69.105675,35.201614,62.238316,124.132996,136.9471,0.3061236,24413.357,0.3656438
1,76.81477,77.97257,31.77672,96.1578,137.35762,69.619965,35.604122,63.044937,125.051544,139.42068,0.3058571,24986.908,0.36608222
2,74.49271,74.50791,30.879602,94.29193,137.43494,69.97521,35.625317,63.868748,124.96326,139.19939,0.28697866,24599.805,0.35388944
3,75.31334,75.20672,31.507061,95.28226,141.1411,70.012146,35.625317,64.27191,125.887886,141.87857,0.28769287,25308.047,0.35874513
4,74.18498,74.17814,30.426674,93.993095,140.95612,69.61225,34.725452,63.687634,124.58942,139.9478,0.3118419,27798.62,0.37151194
5,75.64903,75.46129,30.789932,95.02841,141.31352,70.35088,35.136753,64.15949,125.85369,140.59311,0.2946048,28160.033,0.3663926
6,76.48923,77.58679,31.61991,95.8781,142.37685,70.308266,34.912907,62.91847,126.4329,144.73303,0.33184904,28590.316,0.45141602
7,75.23124,76.25687,30.842762,94.420494,141.05443,69.815445,33.51364,61.689117,124.93965,141.3022,0.32157502,27676.012,0.40907025
8,75.146866,75.370544,30.620644,94.18962,143.18144,69.60062,33.292965,61.04673,124.74451,141.14339,0.33263257,28756.91,0.4291002
9,75.72255,75.61736,30.599463,94.51834,143.52194,70.49803,34.232307,62.95596,126.11223,140.65659,0.32106316,27871.621,0.41213107
10,76.239685,76.94301,31.053759,95.16049,142.50406,70.762825,34.105087,63.030807,126.49911,140.96347,0.3070137,27499.701,0.46066174
11,76.56878,77.87924,31.043222,95.54036,141.88387,70.848595,33.97802,63.19862,125.922554,140.78355,0.32905912,27634.646,0.49226922
12,77.49765,78.695755,31.525963,96.55155,144.59349,71.11067,34.870285,64.07842,126.18742,143.63176,0.3418871,28772.152,0.5180532
13,77.94321,78.95066,31.452774,96.69013,146.07405,71.23988,35.371407,64.338776,126.695885,144.96594,0.33691007,28440.49,0.50961226
14,78.95225,79.346565,31.817612,97.499016,147.85982,71.589745,36.224438,64.77254,127.64965,149.07816,0.3587484,28909.143,0.51345086
15,79.32833,81.70475,31.879856,97.6007,147.66196,71.80143,35.851444,64.36556,128.57477,147.63173,0.3472783,28184.234,0.47594306
16,78.446045,80.770874,31.567743,96.16931,146.97108,71.721504,35.862106,64.66705,128.5869,147.37808,0.3497519,28582.18,0.4818205
17,78.30428,81.53821,31.525963,95.22214,145.51607,71.90508,35.65945,66.15407,129.84499,144.1718,0.35236022,28592.602,0.48430645
18,78.15298,80.752266,31.651182,95.19906,146.23605,71.93552,35.926083,66.549126,130.00955,144.20358,0.34346098,28451.633,0.48165727
19,78.45387,81.16707,31.724072,95.863655,146.16791,71.93552,36.128582,66.43728,129.96516,144.88127,0.35686377,30146.596,0.4952131
20,78.9297,81.6419,32.014378,96.28037,144.9609,72.0445,36.320244,66.48531,130.18343,145.12474,0.36121798,30759.781,0.4944906
21,78.97473,81.67622,31.942003,96.504776,144.22375,71.87434,36.20314,66.42925,130.20236,142.73157,0.3662015,30658.658,0.4841982
22,79.57857,81.97991,32.240936,96.74871,146.5838,72.083115,36.07531,66.43728,130.95529,146.08788,0.38498488,30932.518,0.4906749
23,79.153015,82.068054,32.56772,96.670494,145.87727,71.8433,35.392742,65.79937,130.50005,146.28891,0.39732912,31023.752,0.50034
24,79.49351,81.48597,32.95095,97.16924,146.33807,72.083115,36.27767,66.1132,130.45103,147.38866,0.39323747,29927.516,0.48872066
25,79.73252,81.681946,33.050858,97.45314,146.72728,72.19105,36.21379,65.816025,130.01936,147.64229,0.4026638,30930.924,0.5078169
26,79.57152,81.509224,33.13045,97.406845,146.36356,72.16797,36.447895,66.25174,130.21655,147.49435,0.375223,29271.768,0.47111246
27,79.507744,81.0587,33.030907,97.301186,145.5247,72.25002,35.968727,66.235504,129.95029,145.0824,0.36051095,28664.232,0.4560444
28,78.982216,80.752266,32.91089,97.16317,145.10889,72.48323,36.011368,66.397125,130.37875,146.786,0.3431978,27643.887,0.43317655
29,79.386116,81.53242,32.83054,97.30712,144.54083,72.6029,35.904762,66.675964,130.70734,146.7649,0.34414664,27905.363,0.4438359
30,78.04041,80.55203,32.251198,96.09917,141.71875,72.56524,35.542103,66.6206,130.05359,143.67412,0.35484755,28729.127,0.45167217
31,77.26156,79.81964,31.931646,94.6879,143.6558,72.3206,35.222065,65.266815,129.04663,142.89043,0.36125892,28850.377,0.44452202
32,78.14497,80.01789,32.46597,96.13431,146.35507,72.65773,36.16054,65.95701,129.43102,146.90233,0.36940527,29957.797,0.44886193
33,78.86938,80.845024,32.860703,96.781044,147.71152,72.79731,36.61791,65.87421,130.01447,147.3041,0.36460927,29817.111,0.46091372
34,78.83911,80.23926,32.770123,97.12049,147.78572,72.81646,36.245735,65.97351,130.34218,145.75981,0.3470042,28501.584,0.447153
35,78.232834,77.677216,32.00405,96.44421,146.60915,72.748,35.56344,65.266815,130.06818,145.91858,0.3517851,29122.01,0.44713956
36,77.51439,76.503555,31.61991,96.18328,145.53333,72.51886,35.31806,65.10333,129.98001,144.69066,0.3538963,29465.242,0.4458307
37,77.08226,75.79698,31.19056,95.397545,144.91728,72.44281,35.680786,65.54763,129.43102,143.50465,0.3475787,29298.14,0.44410536
38,78.17699,77.46561,32.00405,96.45771,148.04863,72.71055,36.28831,65.91565,130.04382,146.59563,0.3546187,30021.645,0.4496994
39,77.96757,77.46561,32.05568,96.21113,147.98306,72.62874,36.011368,65.740944,129.9004,147.12439,0.32661545,28083.21,0.41482708
40,77.37158,77.48838,31.931646,96.36271,147.02135,72.53834,35.883434,65.665535,129.43643,147.08209,0.32466036,28045.838,0.4156979
41,77.41373,76.78698,31.74488,96.113235,148.52924,72.49121,36.256374,66.18668,129.63365,147.87474,0.33059132,28006.865,0.41657954
42,76.753174,76.03196,31.692846,95.681244,147.97484,72.580414,35.84078,65.59826,129.41475,148.60335,0.3210206,27353.363,0.40853277
43,76.87512,76.12858,31.557299,95.73267,147.81044,72.68966,35.91542,65.91565,129.31627,147.27238,0.33110058,27147.422,0.41644084
44,77.43895,76.44806,31.82799,96.077995,148.82785,72.62141,35.84078,65.18094,129.18834,147.47322,0.32821536,27555.268,0.41361633
45,76.311295,74.86213,31.515516,95.08297,148.95634,72.36358,34.78508,63.842793,128.54436,146.83888,0.3285521,27391.09,0.4260276
46,76.76192,76.080315,32.1793,96.3148,150.55112,72.346504,35.286064,63.623497,128.6413,150.0795,0.33590764,27772.17,0.43245277
47,77.15933,76.53522,32.42517,96.79393,152.89754,72.18185,35.040794,63.439487,128.44629,152.5383,0.33266452,27176.049,0.44296125
48,77.32934,77.01287,32.281963,96.63765,152.8474,72.20479,34.976845,63.347065,128.81418,151.19481,0.32892463,27236.963,0.449863
49,76.97898,76.75566,32.343422,96.624466,153.06158,71.62313,35.23274,63.365574,128.8905,150.70056,0.3287137,27196.104,0.44413045
50,75.905365,77.41237,31.952345,95.79109,151.35709,71.306175,34.75313,63.152096,128.00452,149.24692,0.3311209,27590.023,0.44756988
51,75.090454,77.677216,31.515516,94.82361,150.4895,71.009926,33.914547,62.749264,127.413185,148.66666,0.32507414,26653.178,0.43695608
52,74.83516,76.57472,31.505066,95.07519,154.75053,70.64201,33.999187,61.911007,126.47707,147.95923,0.31945348,26801.762,0.43706825
53,75.19378,76.32872,31.776064,95.62956,157.59161,70.809166,34.434032,61.911007,126.28462,151.63606,0.3237692,27057.307,0.45090368
54,74.80664,75.674644,31.765669,95.51792,158.09523,70.22947,34.55096,61.669773,125.68411,152.70595,0.33834046,28091.715,0.49848315
55,74.02637,74.53256,31.410904,94.4695,157.29877,70.286865,34.795723,62.23697,126.506454,151.25786,0.33491707,27583.64,0.49437138
56,74.986725,75.32919,31.765669,95.44284,158.25786,70.24387,34.806374,61.776073,127.108864,153.13524,0.32554787,27163.18,0.4852826
57,77.27853,77.21352,32.486347,97.36016,158.77902,70.92663,35.616783,62.417988,128.20906,156.88243,0.33869934,27615.135,0.50159967
58,77.22755,76.80264,32.312714,96.934135,158.25227,70.74953,35.435417,62.71156,128.50159,157.36826,0.31327876,26049.654,0.48805907
59,77.64762,77.297874,32.729755,97.318954,158.22993,70.49803,35.67012,62.664352,127.80885,159.05623,0.3149177,27603.764,0.5061893
60,78.40683,78.859024,32.860703,98.18946,156.78374,70.32962,36.39472,63.696774,127.467674,157.94594,0.28472093,26664.924,0.4963963
61,78.17699,78.609955,32.83054,98.27514,157.82814,70.67581,36.149883,63.96086,128.01744,160.34479,0.28556207,26835.404,0.5008397
62,77.63932,78.28461,32.840603,98.14576,158.2913,70.594376,35.947403,63.60515,128.27208,161.18933,0.2590946,26806.14,0.5129306
63,77.935074,77.707275,32.83054,98.48372,160.17172,70.58069,35.926083,63.494804,128.5626,163.98048,0.23980819,26199.121,0.5019016
64,79.35004,77.99063,33.030907,98.95588,160.66028,70.78274,36.21379,63.485603,128.95448,165.67041,0.2397496,26216.158,0.49681005
65,79.101326,77.36665,32.900852,98.85517,161.4453,71.073135,36.42663,63.44872,128.13286,165.55176,0.22865395,25383.354,0.46086782
66,79.599724,78.02762,33.338074,99.34363,162.34563,71.5164,36.596672,64.10547,129.33278,166.6162,0.22745875,25856.91,0.46077603
67,79.73945,77.93873,33.26909,99.299774,161.77307,71.56732,36.554173,64.42794,129.32729,166.37051,0.2286153,26645.447,0.45684037
68,78.93993,76.55118,33.01981,99.06929,161.27658,71.23502,36.1234,63.71572,129.24504,167.59106,0.23535147,28750.08,0.47225747
69,79.1345,77.0405,32.97967,99.245125,160.10083,71.39142,35.951252,64.19991,129.2562,165.61351,0.25112116,30540.94,0.47931004
70,78.99265,76.19787,32.71717,99.00951,160.75592,71.63799,35.391254,63.734142,129.74036,167.6887,0.25426343,30419.773,0.47415414
71,78.49352,75.7411,32.57473,98.71836,159.86894,71.35581,34.971355,62.827454,129.50822,165.78186,0.2601218,31244.635,0.47558793
72,79.127075,76.860146,32.50324,99.03304,159.25137,71.41499,35.832832,63.428608,129.09244,163.66884,0.24482606,30797.775,0.46006882
73,79.93848,77.0014,32.76786,99.39035,160.8659,71.54234,36.263187,63.447212,128.91908,167.15085,0.2506662,31236.943,0.46412566
74,79.54865,77.618675,32.686703,99.39035,160.91138,71.24725,36.370632,62.532444,128.66974,167.796,0.23237026,30603.033,0.44738302
75,80.2456,78.30674,33.259167,99.59213,161.04659,71.20432,36.735313,62.532444,129.16632,167.97137,0.24029586,30981.262,0.4559221
76,80.73245,78.68501,33.544827,99.70319,162.18852,71.582016,36.93857,63.213833,129.88855,170.02765,0.2510795,31014.857,0.45530608
77,80.91857,78.82128,33.729694,99.7049,162.0421,71.89501,37.258503,63.669598,129.31181,171.97128,0.25995928,31729.86,0.46926415
78,79.58415,78.49685,33.661808,99.64256,161.60281,71.82734,37.460392,64.353355,129.27292,172.037,0.24872442,31053.73,0.45911518
79,79.15672,77.12624,33.377865,99.513145,161.40677,71.72583,37.237213,63.61416,128.66373,169.40398,0.24420717,30416.676,0.44605076
80,79.66178,78.40935,33.427116,99.55724,161.07787,71.16101,37.045353,63.16695,127.69701,169.60583,0.24877559,30872.695,0.45056665
81,79.64772,78.8641,33.57414,99.73084,161.27658,71.14857,37.183968,62.903183,128.35666,170.10414,0.25206083,30948.744,0.45856822
82,80.19305,80.091805,33.960434,99.738266,161.43689,71.21663,37.640465,63.660362,128.37537,171.45338,0.25664115,31166.176,0.45681876
83,80.871086,80.58963,34.169075,99.74515,162.23543,71.31991,37.830494,64.532684,128.15445,172.8966,0.25278828,30924.703,0.45267
84,81.24561,80.385,34.281647,99.74035,163.06714,71.50225,38.103687,64.73725,128.18631,174.39104,0.31872177,32066.129,0.7666062
85,80.96567,78.88546,34.065113,99.749084,162.97722,71.64355,38.103687,64.50586,129.34492,174.80164,0.2909671,30864.062,0.6781291
86,81.01236,78.7712,34.374786,99.736465,163.70992,71.519485,37.75667,63.807724,129.00627,175.44543,0.27536684,30665.86,0.69652975
87,81.377335,79.348785,34.731785,99.69368,164.28058,71.47337,37.41794,63.335407,129.54575,176.09299,0.2705123,30361.076,0.73361087
88,81.12743,79.67754,34.86633,99.698265,164.16054,71.8847,37.862103,63.954315,129.86327,176.64629,0.28590277,30421.506,0.7715187
89,81.24005,80.32039,35.095695,99.64522,163.05682,72.197784,37.725002,65.03629,130.86595,171.10349,0.27880806,30293.074,0.74697584
90,81.24561,80.79101,34.990456,99.70092,163.0258,72.31475,37.9042,65.89963,131.3724,171.14134,0.2761333,30416.05,0.7271352
91,81.38816,81.61005,35.285797,99.67669,163.13197,72.43814,38.291847,65.74863,131.26817,172.19641,0.2685208,29645.0,0.6631002
92,82.13154,81.86769,35.086967,99.69085,163.77605,72.42988,37.9883,65.84943,131.24683,171.82086,0.26729023,29698.184,0.669365
93,82.00013,81.88462,35.26867,99.59472,163.00156,72.466805,38.13511,65.84943,131.21448,171.78326,0.26978987,29832.61,0.6750491
94,81.73597,81.56936,34.875244,99.706856,162.82188,72.174614,37.269154,64.80798,130.82935,170.0946,0.27063236,29680.588,0.67307466
95,82.01858,81.71964,34.93743,99.6335,163.61816,72.510956,37.152,64.67518,130.98906,172.81285,0.27318388,29794.969,0.6720862
96,82.218994,82.61029,35.051975,99.596245,163.7431,72.36673,37.470993,64.7018,130.5582,173.72075,0.27059713,29701.05,0.65921164
97,82.05062,82.39471,35.051975,99.54175,163.83238,72.18391,37.3967,63.963463,130.23975,171.8867,0.27294546,30170.566,0.667175
98,81.53172,81.765434,34.785793,99.697365,162.3322,72.30598,37.22657,63.963463,130.28197,168.95088,0.26288572,29618.707,0.6470083
99,81.25117,82.249626,34.80374,99.74151,162.05408,72.211586,36.671036,62.551537,129.95871,169.33661,0.25641137,29646.86,0.6277444
100,81.144485,82.3144,34.677532,99.74925,161.05554,71.84309,36.273933,61.82884,129.71962,171.67972,0.25718245,29536.662,0.60163236
101,81.4472,82.36802,35.113132,99.69916,161.26784,72.146515,36.778145,61.819122,130.46057,173.3235,0.2542473,29648.861,0.5892257
102,80.94805,82.5947,34.830616,99.73403,160.67267,71.879524,36.57456,62.109783,130.89815,172.037,0.26132238,30265.135,0.60789794
103,80.74464,83.145805,34.595688,99.73692,159.60207,71.93595,36.671036,62.244747,130.88206,170.10414,0.26455155,30050.205,0.60877323
104,80.78103,83.14098,34.623024,99.747215,159.61224,71.85875,36.542385,62.051807,130.84566,170.4955,0.25978726,29911.232,0.5993038
105,80.640335,83.76478,34.68659,99.74188,158.9663,71.92067,36.617443,62.38886,131.17075,169.9415,0.25724128,29877.646,0.59810823
106,80.75072,83.596985,34.623024,99.74035,160.3139,71.72583,36.402847,61.896816,131.31735,170.43832,0.2545462,29888.95,0.6004858
107,79.87699,82.70313,34.027134,99.72026,159.4845,71.265526,35.994305,60.87695,131.13753,168.20486,0.24621087,29638.08,0.5779936
108,79.49158,82.303635,33.97952,99.66474,158.63724,71.16101,35.509735,61.15351,130.72992,166.16733,0.23932062,29144.39,0.55864555
109,79.37637,82.845345,33.816593,99.52835,157.75063,70.700096,35.218933,61.0154,130.25386,163.36758,0.22181426,26999.75,0.4851247
110,79.369125,83.26995,33.80696,99.564156,157.8942,70.87995,35.32663,61.34039,130.2773,162.99522,0.22928138,26353.527,0.48418465
111,79.37637,82.99963,33.76837,99.54124,159.59697,70.549515,34.992878,60.946213,130.34229,164.86848,0.22860968,26431.854,0.50083244
112,79.32554,82.656845,33.456615,99.49344,159.4999,70.2594,35.111275,61.123947,130.12051,165.10728,0.22407882,26334.729,0.49757245
113,79.41974,82.54256,33.778027,99.66589,160.96117,70.59782,35.68207,61.369827,130.3099,166.41386,0.23312096,26754.922,0.5056811
114,79.17152,82.22248,33.661808,99.44951,159.02483,70.18681,35.49896,61.005524,129.74036,163.17645,0.23115867,26472.012,0.49529892
115,79.34736,82.66715,33.816593,99.611984,159.8988,70.47287,35.606678,61.47765,130.22087,164.9979,0.22663301,26351.545,0.5023761
116,79.76657,82.96509,33.998585,99.71064,160.56532,70.700096,35.918964,61.467857,130.36528,165.65315,0.23262015,26412.96,0.4996668
117,80.65269,83.08285,34.291004,99.749115,162.0461,70.87339,36.370632,61.702324,130.88206,169.68265,0.23735291,28118.08,0.51487434
118,80.76892,83.29356,34.309654,99.74698,162.55174,70.95163,36.51019,61.418865,130.84158,170.3811,0.23094188,27665.307,0.504137
119,80.74464,83.32177,34.187897,99.749115,162.86108,70.70687,36.220184,60.81751,130.12534,170.8854,0.22126432,26229.537,0.4884246
120,81.2844,84.117615,34.47649,99.74486,163.04994,70.27384,36.198685,60.499523,130.29596,169.89362,0.22108759,26092.293,0.47694808
121,80.35605,84.308044,34.150223,99.66819,163.26279,69.81347,35.800533,59.53679,129.60954,170.00851,0.22337148,26070.523,0.48356315
122,80.23905,84.323555,34.13135,99.60752,162.60742,69.75216,35.72515,59.677914,129.21703,168.55421,0.22342134,26042.455,0.4816077
123,79.992744,84.2886,34.04613,99.55022,161.60703,69.88193,36.048103,60.489567,129.5404,169.00885,0.22347115,26553.762,0.4830634
124,80.04665,84.61804,34.112453,99.445145,161.75737,69.94985,35.78976,61.035152,129.5404,169.00885,0.22032163,26202.434,0.48305708
125,80.27826,84.15797,34.262947,99.451675,162.1216,70.402435,35.811295,61.29127,130.00826,173.30495,0.20859809,25423.145,0.45560914
126,80.1534,84.93626,34.47649,99.36375,160.77432,69.94985,35.811295,61.369827,129.92372,171.83972,0.21234329,26126.531,0.4613339
127,79.82886,84.69961,34.47649,99.17249,160.9702,70.11353,35.412796,62.109783,129.93375,173.11032,0.21517017,26541.291,0.46406713
128,80.58443,85.057434,34.767822,99.44075,161.51384,70.6321,36.1234,63.00706,130.13979,174.6741,0.21732616,26868.47,0.46918312
129,79.98598,84.60367,34.6048,99.29177,159.99284,70.208664,35.972775,62.74205,129.60954,171.9055,0.21682101,26941.025,0.47947234
130,79.75294,84.873665,34.6915,99.32245,160.38649,70.19034,35.626553,62.69605,129.50241,170.13446,0.21785386,27094.098,0.48157158
131,79.70387,84.57233,34.65507,99.200554,160.34341,70.06454,35.420277,62.358894,129.56155,169.31754,0.2211581,27574.65,0.49145034
132,79.086876,84.248276,34.43422,99.07352,158.99605,70.116585,35.496277,62.41691,129.5669,167.68596,0.21774776,27491.41,0.4979564
133,77.81649,83.72897,33.895027,98.41117,157.577,69.40581,34.14214,61.76449,128.92198,163.15541,0.21195425,26897.861,0.48515812
134,77.750114,83.79471,33.642807,98.24842,157.78014,69.096085,33.883587,61.646603,128.76198,161.53473,0.21145467,26910.406,0.48996893
135,78.256744,84.260155,33.720806,98.48262,158.08313,68.887474,33.81906,61.557995,129.17578,162.53923,0.2123536,26614.996,0.48360822
136,77.31153,84.04965,33.27782,97.70838,156.31425,68.44183,33.166016,59.66464,128.51901,159.53069,0.21189803,26529.656,0.48022342
137,77.302986,84.887024,33.227993,98.10198,156.46973,67.9362,32.847137,58.459087,128.10934,158.90309,0.21133189,26671.984,0.4783201
138,78.00569,84.92018,33.466103,98.3099,157.1695,68.12449,33.219322,57.11962,128.50052,160.71915,0.21539162,27375.2,0.4872749
139,77.89907,84.24431,33.158024,98.046684,157.50093,67.94522,33.347427,57.222893,127.87462,161.5856,0.21578202,27259.674,0.49828526
140,77.01834,83.47183,32.876022,97.51158,158.5024,67.51603,32.68835,54.39574,127.75519,161.71779,0.225158,27911.096,0.49025962
141,76.83478,83.444084,32.344025,97.09374,156.87448,67.05748,32.04754,55.06445,126.96748,157.69472,0.22658402,27804.984,0.51335585
142,77.61646,82.02058,32.590813,97.288704,158.06613,67.5622,32.414204,55.002625,127.3473,160.8825,0.22497174,28193.895,0.50842017
143,76.79961,81.718994,32.743988,96.924164,158.1904,66.27704,32.667206,54.662945,127.82171,160.06427,0.22575662,27790.178,0.49977335
144,77.43079,82.00937,33.02752,97.73035,159.83368,65.912186,32.804752,55.487263,128.67773,161.2089,0.23020484,28348.906,0.5023282
145,77.515465,83.47183,33.047646,98.50894,160.2616,65.97169,33.272667,56.07592,128.94542,161.38206,0.21775895,27966.773,0.48159322
146,78.200455,83.52235,33.287773,98.76539,160.38649,66.63681,33.400875,56.892345,129.29942,163.16545,0.21541132,27763.979,0.47637206
147,78.352684,82.978004,33.337463,98.993164,161.11131,66.18874,34.14214,57.87277,128.96878,163.74924,0.21434176,27219.285,0.46862563
148,77.37979,83.02758,33.12798,98.63657,161.18234,65.462166,33.647224,56.923344,128.28807,161.95142,0.21239208,27096.746,0.46341458
149,77.131035,83.91528,33.19803,98.22926,160.03725,66.04094,33.636497,57.604748,128.7859,159.53069,0.21260206,27207.773,0.46579912
150,77.77505,84.1642,33.54484,98.705956,160.80815,66.71388,34.01277,58.233017,129.34937,162.15433,0.21768488,28952.318,0.47685972
151,78.4004,84.52816,33.701344,98.83072,160.4389,66.991104,33.81906,58.068413,129.24911,162.53923,0.21351072,28843.053,0.471198
152,76.67599,84.82303,33.12798,97.66412,159.58081,67.22719,33.006367,57.53254,128.58043,158.65572,0.21007808,28750.98,0.46815822
153,75.86259,84.76813,32.682816,97.11848,159.08112,66.752335,32.1311,56.923344,127.76187,154.45628,0.21333069,29163.383,0.4968471
154,75.00005,84.19241,32.168045,96.44986,157.50679,66.501305,31.953722,56.292934,127.41632,151.94624,0.21728581,30178.168,0.4931234
155,74.187775,83.56791,31.95987,96.13055,157.61781,66.37479,31.663126,55.786667,126.85267,152.13579,0.2444475,33757.44,0.5210347
156,75.03815,82.97303,32.188797,96.63807,158.26338,66.924515,32.089302,57.31581,127.13071,153.83818,0.2435383,34611.465,0.53160083
157,74.187775,82.89291,32.064102,95.747574,157.13364,67.14252,31.374552,57.656307,126.30088,150.57487,0.24501722,35240.05,0.5286769
158,74.69325,82.54248,31.99117,95.44061,155.17268,66.7235,32.078857,58.181595,125.33291,148.08769,0.25139803,34878.31,0.5272062
159,74.66431,81.37215,31.38192,94.76796,155.77661,65.82272,31.539194,57.016323,123.562,149.72922,0.25346172,34620.12,0.52034384
160,75.397514,81.53821,31.970304,95.695816,156.85626,66.83859,31.642443,57.48095,124.1554,151.1766,0.26606867,35239.57,0.5501207
161,75.71475,81.70164,32.3337,96.215034,157.54776,67.06695,32.319656,58.00665,124.74908,152.37794,0.2569156,35412.29,0.5695148
162,75.7518,81.585175,32.549824,96.43623,159.302,67.000595,32.498405,58.705296,124.96206,154.35158,0.27056947,36214.41,0.5779381
163,77.07044,82.978004,33.327538,97.69184,160.69733,67.81852,33.593605,59.85737,126.50208,158.53194,0.2855477,35694.477,0.5751171
164,78.09531,82.52665,33.759674,98.15641,161.4784,67.891045,34.466183,60.221275,126.960335,160.81105,0.29117796,35479.652,0.581092
165,77.77505,81.99253,33.662346,98.02128,161.94936,67.99023,33.948166,60.05976,127.55311,161.01518,0.3242757,35797.836,0.6747905
166,76.46219,80.86469,33.613476,97.89162,162.67848,68.142296,33.636497,59.603672,127.61414,162.83246,0.31285086,36220.977,0.6481132
167,76.67599,80.19066,33.65258,98.011055,163.03114,67.90008,33.851322,59.14523,127.49177,162.39754,0.3193898,36441.26,0.6496457
168,76.082565,80.02498,33.51535,97.89688,162.74045,67.645004,33.28334,58.32554,125.539085,159.31482,0.32904077,37518.414,0.6307977
169,76.7908,80.99522,33.83715,98.62827,163.89124,68.275215,33.379482,57.91397,126.66391,162.71118,0.31945252,37320.78,0.6345
170,78.6829,81.44957,34.443497,99.32504,164.80273,68.887474,35.36599,60.342175,127.27786,168.13486,0.31892642,36318.887,0.59628266
171,78.9513,81.3542,34.61853,99.380165,164.8528,69.349434,35.452847,60.15066,127.3473,168.32954,0.33965784,38744.58,0.6145091
172,79.1317,80.32176,34.745945,99.38499,165.04065,68.62367,35.441982,60.48296,127.72177,166.64551,0.33236232,36960.27,0.5803326
173,79.24291,81.40795,34.90772,99.5284,164.96419,68.54604,35.398552,60.653503,127.54632,167.73482,0.32737085,37418.527,0.5817431
174,79.34563,81.479195,35.031914,99.58439,165.43951,68.50273,35.70255,60.462868,128.06412,168.57245,0.34100667,38328.605,0.58094627
175,79.56935,81.36617,35.014256,99.571144,165.18703,68.68373,35.507126,60.593365,128.55591,168.15434,0.31966105,36606.11,0.5514992
176,79.604935,81.342224,35.137196,99.60784,165.33037,69.10435,35.626553,60.89348,128.92786,168.65007,0.34098533,38282.57,0.5800876
177,79.850235,81.549965,35.23273,99.64427,165.26903,69.31709,35.778534,61.052917,129.32721,168.80519,0.3463783,38579.477,0.5891802
178,79.78084,81.37215,35.128456,99.55212,165.26729,69.15381,35.919613,61.152336,128.85718,169.06644,0.3387527,38098.637,0.57303673
179,79.89161,81.3841,35.119724,99.50531,165.32701,69.41384,36.13653,61.350624,128.45097,170.0003,0.3458059,38693.617,0.57965326
180,80.17547,81.001396,35.335873,99.57783,165.35027,68.946266,36.439827,60.853554,128.47578,169.55844,0.3420686,38721.844,0.57777417
181,80.694084,81.342224,35.6712,99.71643,165.39403,69.51761,36.76404,61.12253,129.42633,169.32716,0.33636323,38571.72,0.5750434
182,81.246605,81.60272,35.889835,99.72784,165.45937,69.7451,37.601368,61.88207,129.7044,171.53294,0.34442443,39574.785,0.5810128
183,80.67557,81.37215,35.85785,99.71587,165.06812,69.814575,37.824932,61.63676,129.8337,170.91684,0.36644363,42912.31,0.59145206
184,79.9396,80.4516,35.71217,99.75036,165.27077,69.37364,37.65469,61.192055,129.74608,171.20164,0.38488588,44997.574,0.58928585
185,79.82255,79.62627,35.56368,99.73904,164.97644,69.22759,37.51597,62.018856,129.79776,171.4384,0.40133888,44668.52,0.6060062
186,80.19535,79.23786,35.703987,99.734406,165.3812,69.46985,37.569355,61.88207,129.71484,172.76314,0.4151638,44220.01,0.6090169
187,80.391396,79.843864,35.85785,99.712875,165.61214,69.07124,37.48391,61.76449,129.82857,173.4974,0.5043026,45082.023,0.63597625
188,80.755424,79.91122,36.031986,99.59193,165.8018,69.61242,37.622704,62.16493,130.25636,173.92223,0.5094287,42172.492,0.58765846
189,81.0414,79.13222,36.232044,99.50478,165.9146,69.79148,37.612038,61.911415,130.51749,174.4183,0.535014,42380.31,0.58705527
190,81.5966,79.91122,36.66179,99.213165,166.02223,70.72708,39.05957,64.185875,131.46835,176.48064,0.62539345,43821.18,0.5952004
191,82.25393,81.44364,36.91328,98.73965,165.99686,69.96697,40.155403,63.389053,131.24146,178.56601,0.60313505,43953.555,0.5987985
192,82.1583,81.1731,36.76546,98.79527,166.0447,69.96697,39.66913,62.310497,130.79662,178.88597,0.5603203,42861.867,0.58335966
193,82.21603,81.58432,36.849815,98.79711,166.06575,70.5074,39.55831,62.17042,130.88617,179.83806,0.5599399,43555.24,0.58066213
194,82.53578,82.164085,37.03424,98.453354,166.08464,70.60567,39.831837,62.52211,131.23175,181.02646,0.53520894,43202.934,0.5742225
195,81.97545,81.71359,36.5791,99.119965,165.95532,69.56679,39.322823,61.248486,130.43407,178.19975,0.5480805,44575.58,0.58502376
196,82.368706,81.904396,36.829556,98.72608,166.06413,69.948685,39.66,61.358467,131.10954,180.52368,0.5961152,44789.457,0.5910292
197,82.57756,82.04644,36.883366,98.51181,166.07182,70.35001,39.821766,61.567753,131.35219,179.3938,0.5834972,44916.203,0.592389
198,82.72251,82.44877,36.982414,98.162224,166.08939,70.563736,40.111897,61.94415,131.45384,180.042,0.56782156,43452.414,0.5896248
199,82.79423,82.24165,37.05989,98.08322,166.08923,70.79092,40.339027,61.904682,131.63504,180.56573,0.5929908,44368.676,0.6010093
200,82.680176,81.49523,37.12953,98.069115,166.09238,70.811165,40.58272,62.346657,131.73857,179.76991,0.5765845,43559.54,0.60113895
201,82.55488,81.38128,37.053497,98.13452,166.08258,70.91128,40.151592,62.26843,131.77834,178.81679,0.5675118,43031.777,0.5905662
202,82.49709,81.91012,37.15452,98.62913,165.7558,71.42062,40.51483,63.15832,132.31459,177.36526,0.5646418,45856.03,0.5923535
203,82.109406,82.66654,36.949665,99.20241,165.51262,71.06776,39.55831,63.386723,132.27501,174.13432,0.5157322,43778.86,0.553423
204,81.98487,81.83544,37.04709,99.161865,165.29768,71.00313,39.456196,63.196507,132.38629,173.00389,0.52911806,45095.105,0.55855286
205,82.05004,81.875725,37.148293,99.12301,165.2891,70.89804,39.3742,63.424633,132.36855,173.25526,0.49960387,45078.184,0.54788876
206,82.211655,81.29653,37.294754,98.88354,165.88295,71.238235,39.922268,63.86646,132.519,175.9467,0.49929667,47793.02,0.5491935
207,81.75658,80.45229,37.148293,99.00281,165.90799,71.35462,39.639694,63.367756,132.5171,175.35915,0.46985862,46999.215,0.538947
208,81.70106,79.91343,37.18551,98.80446,166.0151,71.26299,39.700554,63.35827,132.56866,176.6192,0.5251638,47466.582,0.5692482
209,81.57196,80.05516,37.098038,98.89757,166.05794,71.25681,39.322823,61.904682,132.56183,176.4136,0.540847,47218.73,0.5711642
210,81.61371,80.6593,37.053497,98.90106,166.07695,71.39674,39.62954,62.25864,132.53435,174.49263,0.5057214,43783.83,0.5422731
211,81.085625,79.33253,36.883366,99.252525,166.08727,71.15058,39.38446,61.577698,132.4457,174.30907,0.49401963,44083.52,0.54739946
212,80.72618,78.85346,36.83632,99.43652,166.06314,71.11888,38.63573,60.66495,132.40892,172.90128,0.48535562,43673.867,0.5401626
213,80.88467,78.758934,36.87668,99.03216,166.06879,71.06133,38.37161,59.99425,132.40617,173.81146,0.4602321,42190.86,0.5255971
214,80.932594,78.947495,37.258747,98.77865,165.78548,70.9245,38.7618,59.91253,132.41711,175.34099,0.46150452,42549.414,0.5186679
215,81.074,79.162506,37.365555,98.43219,165.69691,70.6887,38.949997,59.595074,132.49086,174.63922,0.43700013,40411.785,0.50280094
216,81.228775,79.28313,37.400333,98.47016,165.60641,71.200874,38.73032,59.707855,132.47993,174.25392,0.43526205,40756.316,0.49468833
217,80.55725,80.07529,37.485485,98.74876,165.43166,70.61262,38.16965,58.85358,132.2994,173.64497,0.434813,40991.758,0.4949151
218,81.07982,81.25392,37.589596,98.30653,165.31313,71.07418,38.719826,59.96361,132.26248,171.64221,0.42509198,40846.11,0.49095833
219,81.09721,81.62563,37.66361,98.38511,165.6192,71.29373,38.540863,60.147247,132.39062,172.37709,0.4437402,42748.668,0.50774914
220,81.329414,81.5547,37.715054,98.050224,165.38391,71.543816,38.835117,60.543503,132.50937,174.70326,0.4835999,44215.64,0.510373
221,81.53508,82.05771,37.9499,98.03124,165.59938,71.77349,38.456333,60.523235,132.5386,174.61174,0.47249252,43882.67,0.4883335
222,80.920654,81.11891,37.720135,98.60926,165.97838,71.467995,38.158993,60.39137,132.5218,171.66113,0.45662862,43514.44,0.48156258
223,81.68067,81.112724,37.750366,97.73635,165.78548,72.24899,38.866493,61.567753,132.61653,174.72154,0.4653647,44004.977,0.48396727
224,81.42256,81.18661,37.828873,97.33122,165.56104,72.136475,38.3504,60.431973,132.61305,177.51534,0.47228578,44114.176,0.48807535
225,80.13944,81.056984,37.715054,97.664856,165.50368,71.90639,37.536705,59.121952,132.61816,175.27745,0.45173663,43590.24,0.48431456
226,81.03898,81.22337,37.75536,97.10977,165.61688,71.993614,38.14833,59.348515,132.57082,176.23438,0.4568348,44013.805,0.4833304
227,81.4117,81.32688,37.895054,96.664185,165.2633,71.958,38.12701,59.389656,132.54337,177.98114,0.4601314,45230.812,0.49112356
228,81.351494,81.83544,37.82406,96.6523,165.1659,71.947754,38.3504,58.94655,132.56166,178.66092,0.48759866,46190.027,0.49179158
229,81.44961,81.056984,37.87639,96.54458,164.69388,71.57832,38.456333,59.18379,132.56892,179.75285,0.49915215,47960.734,0.5021818
230,81.791504,81.613846,37.95887,96.44173,164.97417,71.864456,38.329174,59.90231,132.55608,179.6249,0.51849633,50569.754,0.5074851
231,81.16055,81.10035,37.70486,97.14345,165.496,71.42062,37.579865,58.863907,132.61511,176.49414,0.50337344,50373.75,0.50110084
232,81.454994,81.05079,37.885746,95.982254,165.19682,71.33644,37.848827,59.204395,132.56302,178.1386,0.53591806,52233.156,0.51336855
233,82.22039,82.40018,38.171192,95.41368,165.26183,71.612526,38.814182,60.23889,132.47034,179.91463,0.56737876,52330.695,0.5354297
234,82.40958,82.37306,38.11607,95.87417,165.52017,71.67443,38.3928,60.167625,132.41501,178.99823,0.5577485,52523.25,0.53742945
235,82.33553,81.93868,38.07108,96.108246,165.7525,72.07828,38.329174,60.126865,132.47252,177.52415,0.5814096,52631.13,0.5355811
236,82.52425,82.80155,38.120087,95.81019,165.86688,72.207405,38.625195,60.9474,132.43599,178.66957,0.55732876,52244.05,0.5229674
237,82.8306,82.87836,38.291588,94.84559,165.05566,72.31222,38.73032,60.46241,132.17653,181.60745,0.54461235,51775.066,0.5156427
238,82.988304,82.58226,38.35804,94.41492,165.13292,72.4122,38.78277,60.90714,132.04056,180.92624,0.54192185,51266.125,0.50987005
239,82.827324,82.73954,38.291588,94.53869,165.10103,72.28084,38.318558,59.66686,132.1874,181.39235,0.5789382,54511.26,0.52514225
240,82.92859,82.545105,38.328747,94.41492,165.07196,72.28534,38.3504,60.836605,132.25,181.88748,0.5834972,56517.926,0.55676454
241,83.00855,82.45415,38.37701,94.13113,165.22429,72.32111,38.866493,61.027855,132.36276,182.47568,0.5904671,60122.066,0.547276
242,83.18286,82.67701,38.37074,93.873024,164.8497,72.26724,39.188763,61.047947,132.50414,183.47319,0.6155697,59342.05,0.5568254
243,83.273895,83.18243,38.354836,93.50775,164.11043,72.27178,39.62954,60.66495,132.31418,183.95656,0.6807365,60085.188,0.5709777
244,83.39667,82.713554,38.386333,93.19691,164.11043,72.29883,40.082073,61.706783,132.34702,181.94495,0.73476267,62820.863,0.61495197
245,83.30925,83.039536,38.389416,93.901,165.08655,72.377975,39.568504,61.527958,132.48312,180.05049,0.65438056,60835.195,0.5628024
246,83.42614,83.17267,38.451298,93.4584,164.80876,72.63151,39.79152,62.121338,132.36134,179.50517,0.69595534,61946.445,0.58040994
247,83.557625,83.52413,38.43417,92.76424,164.16983,72.78333,39.79152,62.52211,132.25667,180.66656,0.7072483,62291.207,0.5953263
248,83.50492,83.66548,38.45411,92.955925,164.78362,72.56672,40.260334,62.677383,132.30023,180.10138,0.6866938,62810.266,0.5892476
249,83.59073,84.06024,38.473446,93.40194,164.88483,72.71838,40.062172,62.98596,132.31264,179.68463,0.73776835,63859.258,0.67710084
250,83.59022,84.00149,38.517906,93.019775,164.05463,72.84803,39.962334,62.385715,132.19992,180.99306,0.7106769,63723.152,0.64976746
251,83.61054,84.56424,38.587746,92.785545,164.52278,72.906006,39.710674,62.80307,132.29553,180.67496,0.7277978,64033.004,0.6522771
252,83.605995,84.89264,38.510323,93.15442,164.515,72.714874,39.137028,62.30756,132.37256,179.70169,0.71318114,63704.023,0.63307625
253,83.60694,84.98201,38.50003,93.14026,165.07845,72.70428,39.116306,62.395473,132.44666,178.15608,0.6883322,63172.48,0.59998876
254,83.60977,85.08337,38.55742,92.98667,164.90904,72.86533,39.11004,62.679703,132.44864,179.33374,0.6213121,62535.816,0.6126072
255,83.60988,85.392746,38.60136,92.2384,164.71747,72.948685,39.11004,63.222275,132.3193,180.65257,0.54563636,59776.07,0.5551136
256,83.59323,85.35629,38.688454,91.187996,164.26253,73.011536,39.27654,63.29907,132.36765,182.87155,0.59905535,62671.953,0.5803271
257,83.57071,85.50625,38.73197,90.32877,164.23134,73.02195,39.431698,63.203045,132.3403,183.72858,0.5912916,61669.93,0.60633284
258,83.601074,85.453026,38.666527,90.627174,164.2167,72.919785,38.953045,63.28948,132.36905,182.43343,0.5723565,60823.387,0.5792226
259,83.59999,85.67136,38.63858,91.19504,164.4985,72.85596,38.79525,63.575874,132.39632,181.94225,0.61690253,63336.3,0.6066458
260,83.60244,85.49045,38.663204,91.51313,164.66351,72.86845,38.62607,62.874462,132.32083,182.13107,0.6251784,63344.53,0.5986353
261,83.505936,85.70429,38.730885,90.12207,164.45909,73.08354,39.63708,64.54667,131.95918,183.83168,0.608247,63188.22,0.5801468
262,83.47564,85.92055,38.752884,90.10834,164.54723,73.10649,39.891296,64.95524,131.95479,183.37798,0.6106087,63547.445,0.5916161
263,83.502495,86.048485,38.730885,90.780716,164.43327,72.95153,39.183006,64.59244,132.20544,182.2702,0.5809201,63262.07,0.5795039
264,83.53831,86.24271,38.704033,91.187996,164.81386,72.83374,38.731907,64.69278,132.5144,180.0265,0.5396419,61649.41,0.55604494
265,83.47692,86.31567,38.701305,90.738785,164.71379,72.53478,38.75303,64.4549,132.52863,180.13698,0.5298355,61891.04,0.5464644
266,83.57071,86.30967,38.623444,91.51313,165.26225,72.402145,38.434746,64.33508,132.61821,178.31963,0.54163164,62882.504,0.5634887
267,83.49065,86.39585,38.68993,90.308044,164.88292,72.45301,38.700188,64.51001,132.58482,179.17873,0.53342533,62644.04,0.557914
268,83.481995,86.349,38.714462,90.46033,164.92459,72.406425,39.047344,64.901184,132.60477,180.6273,0.57326716,63756.37,0.5833579
269,83.452934,86.35158,38.680893,90.66201,164.73956,72.55464,39.55514,65.223434,132.58212,181.33855,0.55067664,63090.016,0.58183414
270,83.59078,86.375595,38.562035,91.41401,165.17087,72.44462,37.855186,64.196106,132.61514,178.96286,0.54496956,63507.207,0.58524424
271,83.594154,86.37026,38.490303,91.31502,164.44322,72.36749,37.898376,64.07505,132.59827,180.19637,0.5449048,63365.023,0.577339
272,83.584274,86.20312,38.329018,92.25977,165.05742,72.01388,37.47574,63.613842,132.41052,177.6702,0.4619271,62399.246,0.522433
273,83.5526,86.06863,38.26011,92.88702,165.60725,71.85813,36.765087,63.048824,132.37013,175.02216,0.4194726,60635.312,0.47663796
274,83.475655,85.918594,38.159214,93.086235,165.5788,71.87408,36.148636,62.22788,132.37761,174.11333,0.4173093,60840.805,0.47570422
275,83.50129,85.86436,38.197636,93.53292,165.87271,72.01388,35.81751,63.49976,132.34062,173.33464,0.40319836,59390.492,0.4740334
276,83.5049,85.803116,38.249344,93.82892,166.02032,72.18057,35.82855,63.840694,132.33904,172.33301,0.41685408,60681.906,0.48137316
277,83.49638,86.02432,38.428955,93.98322,166.08936,72.49845,35.98312,64.75641,132.41599,170.91127,0.4273727,60857.453,0.48209742
278,83.50727,86.125916,38.55742,93.34181,166.09169,72.7643,36.302994,65.294365,132.48146,171.62462,0.4752097,62255.5,0.5300609
279,83.39618,86.20178,38.61359,92.138626,165.99142,72.83374,36.666218,65.56688,132.60857,173.52994,0.4585605,62076.047,0.5194854
280,83.406296,86.21105,38.61158,92.837166,165.93462,73.00097,36.819973,65.91276,132.59149,175.04956,0.43343934,61081.164,0.5034228
281,83.49762,86.26529,38.559734,92.57348,165.96323,72.95153,36.589256,66.066216,132.52596,175.18636,0.42958617,61184.418,0.5017127
282,83.555214,86.14841,38.545666,92.430885,165.78644,72.90497,36.622246,65.4355,132.52956,176.60419,0.42138386,60811.023,0.502255
283,83.600945,86.23655,38.53116,91.84676,165.69997,72.97389,37.072014,66.20988,132.56645,180.1709,0.41608486,60856.168,0.49260694
284,83.45171,85.73196,38.42308,93.242516,166.03459,72.8777,36.325035,65.91276,132.55945,176.34425,0.39977038,58988.535,0.47874203
285,83.51193,85.35062,38.42308,93.455124,166.09157,72.71919,36.347073,66.55939,132.57614,175.35019,0.4086868,57373.51,0.49402282
286,83.45171,85.49572,38.451958,92.958206,165.99536,72.92272,36.918682,66.85261,132.5698,177.32545,0.41699037,57983.637,0.49522308
287,83.55607,85.49837,38.476887,92.352455,165.47993,72.98755,37.23597,67.281044,132.59001,178.37202,0.42614558,60340.332,0.50748235
288,83.592415,85.68084,38.60136,91.47063,165.13632,72.99831,37.246883,67.55117,132.61125,180.00948,0.41304788,60491.31,0.5153106
289,83.60752,85.65941,38.62921,91.23031,165.23982,73.18685,37.67121,68.130905,132.61041,178.90228,0.40081438,60024.016,0.50101864
290,83.6105,85.632805,38.65641,91.23031,165.15053,73.14123,37.29054,68.644455,132.61794,178.31963,0.41133624,59335.582,0.49423048
291,83.58427,85.908745,38.704033,90.36335,165.15993,73.2586,38.24245,69.344,132.58046,179.36813,0.42214704,60429.504,0.4976619
292,83.57751,85.80096,38.72413,90.30114,165.03767,73.313835,38.092243,69.30023,132.56245,178.53763,0.40709406,59087.773,0.4807915
293,83.58129,85.74559,38.702675,90.66898,164.87239,73.288506,38.19958,69.30023,132.57156,178.33707,0.39556938,60346.83,0.483104
294,83.57553,85.77246,38.72868,90.68991,164.53366,73.268616,38.487988,69.418396,132.52603,179.04063,0.3872507,59559.594,0.47858152
295,83.564064,85.818184,38.75761,90.12207,163.52162,73.275475,39.172596,70.04432,132.25203,179.27351,0.41176534,62016.2,0.49583265
296,83.601074,85.76132,38.75761,90.6411,163.69383,73.36717,39.099594,69.90415,132.28003,178.26718,0.41838592,61548.766,0.49284708
297,83.55441,86.02257,38.77548,90.543655,163.80093,73.359375,39.099594,69.93814,132.23335,179.05794,0.44047022,62342.07,0.5001692
298,83.54298,85.90677,38.733044,90.37719,163.21375,73.318954,38.84794,69.869965,132.28485,177.89903,0.46011645,63715.715,0.5124022
299,83.54298,85.81175,38.75761,90.66201,163.12744,73.355095,38.816334,70.22892,132.24359,178.89362,0.45316312,63386.176,0.51208556
300,83.60072,85.36476,38.736195,90.55756,163.00766,73.33291,38.4667,69.7486,132.19832,177.2634,0.44158873,63084.73,0.5026147
301,83.60879,85.114876,38.65641,91.59819,163.4363,73.21389,37.595272,68.99249,132.43799,174.68364,0.42395553,62677.766,0.5042201
302,83.601425,85.15527,38.695713,91.152756,162.9951,73.24658,37.595272,69.443,132.49219,176.27237,0.4181874,62888.4,0.51097274
303,83.60966,85.42858,38.61757,92.23127,162.76335,73.13702,37.35597,69.399864,132.60762,175.88495,0.41571462,62808.91,0.504174
304,83.57035,84.933624,38.545666,93.469284,163.11008,73.00628,36.973476,68.80696,132.61464,174.83936,0.4097998,62547.01,0.4996668
305,83.60611,85.01923,38.59508,92.87989,164.23341,73.057175,37.551838,69.418396,132.61575,175.77647,0.40544972,62832.902,0.49570352
306,83.59462,85.657005,38.699924,91.82544,164.16412,73.2808,38.349396,70.148346,132.55472,176.65787,0.40631664,62514.01,0.49474522
307,83.609886,84.960236,38.659832,92.90125,164.05078,73.27683,38.18887,69.67806,132.46124,176.58629,0.41576004,62981.926,0.49682266
308,83.58771,84.65797,38.625378,93.11468,163.95479,73.345474,38.573025,69.66029,132.41068,176.74724,0.42015445,63501.99,0.5019414
309,83.60925,84.65433,38.647648,92.2384,162.83527,73.33205,38.5199,69.412224,132.31778,177.66136,0.41984814,63630.707,0.50189257
310,83.61036,84.82131,38.644054,92.7588,163.01772,73.35023,38.58364,68.939926,132.24019,178.78963,0.4168126,63550.53,0.49815792
311,83.576004,84.69415,38.676212,92.66615,162.89137,73.317955,38.263855,68.415855,132.21251,178.15346,0.40846694,63153.676,0.4777377
312,83.56962,84.93028,38.649426,92.395226,162.75047,73.31172,38.4667,69.025154,132.11243,178.65071,0.3994251,63205.473,0.4756438
313,83.56737,84.86946,38.552753,92.894135,161.6647,73.30738,38.338715,68.73964,132.22473,178.24097,0.38119358,62452.55,0.4609578
314,83.57932,84.52083,38.54328,92.0674,160.24326,73.17928,38.62607,68.42287,132.27678,179.8391,0.3968041,62789.57,0.47105932
315,83.577354,84.19869,38.53604,92.63051,159.70207,73.19793,38.82687,68.53436,132.296,179.95842,0.3805019,62222.17,0.45797545
316,83.49885,83.92122,38.503407,93.50464,159.44044,73.22241,38.858463,68.415855,132.30386,178.73756,0.37120354,61904.418,0.45552015
317,83.565056,84.01975,38.58869,92.55209,158.36197,73.319954,38.647263,67.8598,132.32689,181.39673,0.36151248,62111.24,0.4833367
318,83.556915,84.17414,38.64042,92.08165,158.27031,73.32939,38.80579,67.88205,132.29758,180.88774,0.3438203,61505.785,0.47052604
319,83.56428,84.79348,38.677784,92.02467,159.08678,73.31278,38.700188,68.3171,132.21776,181.08018,0.34446523,61355.684,0.46851575
320,83.565056,84.60668,38.651188,92.209885,159.21123,73.318954,38.80579,68.02185,132.14313,182.34373,0.33651546,60988.734,0.46873185
321,83.598976,85.3458,38.715046,91.837685,160.90617,73.3699,39.0783,68.666504,131.96872,181.7035,0.33817655,58756.664,0.45540142
322,83.50988,85.40515,38.670364,92.588326,159.67834,73.3465,38.50302,68.20077,132.06583,181.09584,0.35186878,59711.527,0.45678815
323,83.50274,85.13902,38.623913,92.8243,159.75816,73.33404,38.44925,67.98865,132.16696,183.24535,0.3449568,59099.492,0.45131713
324,83.470314,85.20388,38.614033,92.73137,159.72441,73.30067,38.813244,68.076965,132.21046,184.1371,0.35074207,59591.156,0.4558619
325,83.46613,85.308235,38.640926,92.69562,159.76123,73.25538,39.141563,67.49717,132.23145,182.49237,0.34561357,58784.45,0.4524722
326,83.21087,85.32276,38.656948,93.628845,159.23299,73.1605,38.7493,67.12842,132.36089,182.9956,0.36263332,60319.105,0.457648
327,83.247604,85.30239,38.725864,93.15984,158.877,73.253876,38.919548,67.40406,132.43124,185.7864,0.3771627,59845.0,0.46473774
328,83.378426,85.41627,38.70993,92.84575,157.90028,73.2335,38.877068,67.71915,132.5425,186.68047,0.36637238,58689.1,0.44876486
329,83.40274,84.98121,38.70862,93.15984,157.67401,73.344345,39.025475,67.80973,132.43001,187.80034,0.31122622,56198.664,0.4117643
330,83.44429,84.793175,38.693428,93.05286,157.16566,73.334885,39.12049,67.86223,132.4492,187.86514,0.3296911,56231.133,0.4171229
331,83.28041,84.50297,38.73361,93.430275,157.22652,73.31609,39.131027,68.0108,132.35803,188.31557,0.3358136,57197.598,0.42109486
332,83.48248,84.72555,38.749146,92.65986,156.13559,73.34579,39.414013,68.478874,132.12724,189.31613,0.34892717,57003.902,0.42389148
333,83.59227,85.04349,38.77178,91.5527,158.04022,73.32115,40.462627,69.32551,131.91074,187.59792,0.35572213,56711.34,0.43285814
334,83.61043,85.11704,38.777607,91.049576,157.38011,73.34923,40.7477,69.64519,131.68825,189.34369,0.3759383,57118.15,0.4559293
335,83.61035,85.51356,38.77723,90.425896,157.24573,73.309715,40.912483,68.52091,131.81728,189.19188,0.4044657,61375.855,0.5128953
336,83.525604,85.618416,38.747948,88.33796,157.49521,73.36456,41.27422,68.890305,131.24423,191.47495,0.39719054,61485.043,0.55051297
337,83.54413,85.83066,38.714592,89.4132,160.32939,73.35796,41.608006,68.91701,131.03316,189.31613,0.39577383,61000.36,0.5933772
338,83.60166,85.86641,38.76289,90.08683,160.32336,73.37135,41.292995,68.876915,131.96214,187.9442,0.3831682,60925.566,0.5416152
339,83.60826,85.63568,38.781162,90.56523,161.35611,73.37264,41.246002,68.93033,131.78824,186.71017,0.3980214,62203.086,0.5454069
340,83.61081,85.48703,38.773724,89.69018,159.80107,73.37286,41.617146,69.31288,131.56998,188.21599,0.38575768,62549.72,0.5762075
341,83.6061,85.05642,38.76989,89.853645,160.07553,73.36861,41.553005,69.029495,131.5941,187.60516,0.36965346,61867.484,0.56694514
342,83.590744,85.05965,38.782104,91.7521,162.72238,73.36642,41.027718,69.530235,131.24121,181.58746,0.3664788,61614.64,0.58641213
343,83.601585,85.5162,38.78251,91.049576,163.30286,73.362915,40.815765,69.1597,131.45984,180.99533,0.35460603,61800.2,0.56909084
344,83.58219,85.59091,38.754414,89.58173,162.6182,73.36811,41.4515,69.590996,131.21394,182.66339,0.37713528,62671.367,0.57295936
345,83.57171,85.37992,38.758835,89.73096,162.86647,73.36719,41.69003,69.78145,131.18646,185.08165,0.36371338,62248.234,0.571156
346,83.59004,85.74228,38.711033,89.480484,164.13905,73.37149,41.95915,69.99395,131.1464,184.27887,0.36143643,61987.47,0.5946452
347,83.512764,85.82853,38.723656,88.54979,161.93947,73.368324,41.870186,70.49111,131.31285,186.4719,0.3488669,61252.863,0.5910556
348,83.549515,85.185524,38.77236,90.135056,163.98125,73.36546,42.42613,71.10001,130.83055,182.8905,0.3526931,61607.824,0.56604207
349,83.60681,84.36286,38.760994,92.08048,165.1126,73.319176,42.451385,71.1504,130.92976,177.16487,0.32467586,59475.58,0.53363067
350,83.4241,83.518814,38.586906,93.60052,165.91914,73.362915,41.37716,70.21431,132.02448,172.6039,0.2760025,54075.164,0.46919122
351,83.489,83.76239,38.703262,92.56686,165.67279,73.37265,42.186863,70.53138,131.87396,174.3643,0.29286608,55715.652,0.48382112
352,83.28467,83.91745,38.70993,92.98862,165.95769,73.37182,41.923656,70.731476,132.18533,171.53534,0.28607982,54919.9,0.5699951
353,83.50753,84.67118,38.770763,90.99316,165.1142,73.33923,42.23005,70.769295,131.4259,174.99823,0.31308505,59654.777,0.58525884
354,83.49908,84.74348,38.77826,90.979065,164.96214,73.32934,42.40925,70.88488,131.20786,175.52739,0.30993745,59143.0,0.5521268
355,83.44579,84.897156,38.768593,91.424774,164.66093,73.35743,42.19552,70.94343,131.37715,174.8975,0.30073175,58141.86,0.5408839
356,83.5512,84.586174,38.7814,90.50944,163.2761,73.33278,42.44297,71.12952,130.81044,178.78351,0.30186275,58971.086,0.54780984
357,83.5512,84.775505,38.775387,90.15575,162.98581,73.296906,42.568268,71.108475,130.62578,177.95253,0.2973493,57715.51,0.5412685
358,83.610664,85.13277,38.751263,89.013466,161.31015,73.17483,42.46818,71.104256,130.28525,182.73648,0.28766418,56870.246,0.5337975
359,83.60976,85.10123,38.72033,89.13265,161.20343,73.1329,42.451385,71.240395,130.22606,183.08437,0.29256883,57824.96,0.53702676
360,83.59871,85.28773,38.69062,88.62742,160.12103,73.07634,42.658955,71.42984,129.87218,184.86484,0.29859555,58236.168,0.56799024
361,83.60826,84.47226,38.708614,88.85555,160.35945,72.98253,42.691685,71.369644,129.62761,184.7327,0.3052578,57907.297,0.5641907
362,83.55468,84.52964,38.716915,88.35712,159.95993,72.834854,42.805138,71.56285,129.52315,186.51668,0.32974142,59327.664,0.56950843
363,83.569565,84.61597,38.685146,88.459625,161.49327,72.86886,43.011307,71.53129,129.48268,184.02655,0.33698472,58824.523,0.56707615
364,83.43708,85.075714,38.625847,87.656075,160.44945,72.802826,43.621296,71.60413,129.20763,186.75468,0.35155448,60987.793,0.57948667
365,83.37244,85.32276,38.60079,87.74207,161.2756,72.62096,43.60009,71.76331,129.24081,185.65706,0.3277075,60335.195,0.55786586
366,83.370735,85.062874,38.556023,87.69286,160.8856,72.55338,43.677414,71.566315,129.14096,185.282,0.31182936,58243.395,0.53978246
367,83.43415,84.86977,38.533077,87.72975,161.76701,72.67004,43.571682,71.566315,129.06555,183.87607,0.31152204,57917.55,0.54186565
368,83.351685,85.24618,38.44164,87.17989,162.3104,72.79692,43.449253,71.70338,128.92618,184.05025,0.3181263,58164.77,0.5347949
369,83.14305,85.3458,38.330227,86.38113,161.51033,72.59085,43.746696,71.87641,128.46072,186.19458,0.3085961,57980.914,0.5393081
370,83.512764,84.59737,38.419403,88.109665,164.07477,72.38532,43.815002,71.844604,128.59137,184.21591,0.28115678,56775.09,0.5305666
371,83.55039,84.110054,38.406803,88.02798,164.1899,72.23659,43.882328,72.0217,128.70807,184.59233,0.2859133,57170.36,0.53127813
372,83.59708,83.81607,38.52449,88.99367,164.25687,72.35923,43.801422,71.97264,129.6036,186.2021,0.28738555,55813.53,0.51861364
373,83.6026,83.30863,38.649197,89.86048,165.23714,72.422134,43.801422,71.76331,129.81361,182.49237,0.2774948,54039.805,0.49794918
374,83.606346,83.602715,38.52449,88.57563,164.67035,72.17726,44.14169,71.983154,129.38083,184.61577,0.30498943,56468.56,0.51448786
375,83.60533,82.87189,38.615314,88.43395,164.04233,72.18524,44.600613,72.07334,129.08655,186.23969,0.30505776,56935.305,0.5157911
376,83.59791,82.4512,38.650803,88.28697,162.28348,72.47986,44.534103,72.12905,129.27805,187.61966,0.3142804,56710.05,0.5105738
377,83.54134,82.85633,38.634384,87.668335,161.78937,72.29091,44.57861,72.1664,129.04454,189.12955,0.31740448,57282.465,0.53526735
378,83.44287,83.10128,38.611736,86.88673,161.47902,72.05525,44.749928,72.36463,128.9092,190.0178,0.32185227,58946.574,0.5448596
379,83.298195,83.57488,38.493454,86.50415,161.71657,71.91613,44.826527,72.444016,128.44322,189.79474,0.29240966,57329.48,0.5559913
380,83.26263,84.09324,38.43675,86.10636,161.83679,72.24441,44.638714,72.43701,129.1368,190.45232,0.29586932,58776.914,0.55516905
381,83.33921,84.16427,38.470356,86.16623,162.38277,72.366714,44.567543,72.35555,129.24495,190.19908,0.3045374,59618.31,0.5558495
382,83.03078,84.57868,38.34384,84.99761,160.55106,72.54304,44.505947,72.27888,129.01082,192.98756,0.31224754,60368.62,0.55777586
383,83.19062,84.50297,38.35193,85.464455,160.87386,72.40011,44.46036,72.52747,129.27805,192.7157,0.31337422,60508.344,0.55577683
384,82.99139,84.8992,38.366646,85.01995,160.88591,72.216324,44.731426,72.56056,129.40297,194.1223,0.32458788,60583.074,0.5556805
385,82.60943,84.82269,38.462463,84.56537,160.43398,72.29457,44.731426,72.540016,129.52933,195.09009,0.34785575,61093.89,0.5615687
386,82.80884,84.151726,38.52396,84.86085,160.24117,72.37441,44.629566,72.55684,130.1178,194.69565,0.34139588,60480.953,0.5542959
387,82.13786,83.37901,38.47193,84.54698,159.32988,72.30227,44.379,72.53289,129.92221,195.16039,0.36163348,61524.88,0.5605479
388,82.202156,84.16428,38.440727,84.46019,159.983,72.24396,44.41437,72.56224,129.95322,195.32156,0.3620685,61806.254,0.5591899
389,82.39877,84.412094,38.398033,84.18812,159.78099,72.25179,44.629566,72.56472,129.55763,195.06839,0.333765,60582.914,0.579717
390,82.482285,85.12385,38.457687,84.15753,161.4175,72.35939,44.47823,72.5526,129.8794,194.62352,0.31368944,59115.78,0.5670116
391,82.60616,85.399345,38.44561,84.267365,160.94472,72.60902,44.384926,72.55118,129.9995,193.66074,0.30556563,58985.94,0.51466256
392,82.92641,85.800934,38.501846,84.5792,160.67294,72.86284,44.120953,72.55225,130.51141,192.28238,0.30675098,59066.605,0.49849668
393,82.79395,85.976456,38.309334,84.15753,159.92499,72.78414,43.932205,72.55641,130.46844,193.83504,0.3126841,59867.69,0.5096954
394,82.8758,86.03638,38.455284,84.30287,160.39491,73.00499,43.714123,72.5208,130.7042,191.97658,0.3127506,59966.918,0.50571007
395,82.996666,85.49558,38.39028,84.17062,159.11171,72.90168,43.803947,72.52351,130.41434,193.14105,0.3060582,59905.64,0.50655454
396,82.82948,85.63731,38.27526,83.66134,158.30856,72.75988,43.81762,72.46528,129.82852,193.96767,0.30142838,58953.496,0.5006463
397,82.76382,85.78319,38.314922,83.95129,158.32758,72.865654,43.56551,72.43848,130.04933,193.39655,0.30064812,58754.766,0.5057489
398,82.56664,85.90437,38.045753,82.998055,158.20064,72.7321,43.871902,72.506714,129.61003,192.89465,0.31247884,60087.75,0.51327443
399,82.37751,85.89627,37.947617,82.70567,157.2393,72.62573,44.069736,72.55872,129.26268,193.40836,0.32474062,61919.84,0.5220771
